<?xml version="1.0" encoding="UTF-8" standalone="yes"?>
<addon id="service.installer" name="Quix Installer" version="0.0.1" provider-name="[COLOR FF8ABEE2]Open[/COLOR][COLOR FF757677]ELEQ[/COLOR]">
  <requires>
    <import addon="xbmc.python" version="2.1.0"/>
  </requires>
  <extension point="xbmc.service" library="service.py" start="login" />
  <extension point="xbmc.addon.metadata">
    <platform>all</platform>
    <description lang="en">!!! DO NOT INSTALL !!! Unless you are absolutely sure you want to install the Quix build. If you install this service, it will automaticly start downloading Quix.zip. After unzipping, the service will set skinsettings without the need for force close, enjoy!</summary>
    <summary lang="en"></summary>
  </extension>
</addon>
