<?xml version="1.0" encoding="UTF-8" standalone="yes"?>
<addon id="plugin.video.eroticshark" name="Erotic Shark" version="1.3.6" provider-name="Murdock">
	<requires>
		<import addon="xbmc.python" version="2.19.0"/>
	</requires>
	<extension point="xbmc.python.pluginsource" library="addon.py">
		<provides>video</provides>
	</extension>
	<extension point="xbmc.addon.metadata">
		<platform>all</platform>
		<summary lang="en">Erotic Shark Video Addon</summary>
		<description lang="en">Watch top quality porn movies without annoying ads.</description>
	</extension>
</addon>