<?xml version="1.0" encoding="UTF-8"?>
<window id="1124" type="dialog">
	<defaultcontrol always="true">90100</defaultcontrol>
	<coordinates>
		<system>1</system>
		<left>457</left>
		<top>240</top>
	</coordinates>
	<include>dialogeffect</include>	
	<onunload condition="!IsEmpty(Skin.String(ItemToEdit.Widget))">Skin.SetString($INFO[Window(Home).Property(Nox.Widget)],$INFO[Skin.String(ItemToEdit.Widget)])</onunload>
	<onunload condition="!IsEmpty(Skin.String(ItemToEdit.WidgetLabel))">Skin.SetString($INFO[Window(Home).Property(Nox.WidgetLabel)],$INFO[Skin.String(ItemToEdit.WidgetLabel)])</onunload>
	<onunload condition="!IsEmpty(Skin.String(ItemToEdit.WidgetType))">Skin.SetString($INFO[Window(Home).Property(Nox.WidgetType)],$INFO[Skin.String(ItemToEdit.WidgetType)])</onunload>
	<onunload condition="!IsEmpty(Skin.String(ItemToEdit.WidgetStyle))">Skin.SetString($INFO[Window(Home).Property(Nox.WidgetStyle)],$INFO[Skin.String(ItemToEdit.WidgetStyle)])</onunload>
	<onunload>ClearProperty(Nox.Widget,Home)</onunload>
	<onunload>ClearProperty(Nox.WidgetLabel,Home)</onunload>
	<onunload>ClearProperty(Nox.WidgetType,Home)</onunload>		
	<onunload>Skin.Reset(ItemToEdit.WidgetStyle)</onunload>	
	<onunload>Skin.SetString($INFO[Window(Home).Property(Nox.WidgetStyle)],$INFO[Skin.String(ItemToEdit.WidgetStyle)])</onunload>					
	<onunload>ClearProperty(Nox.WidgetStyle,Home)</onunload>
	<controls>
		<control type="image">
			<left>157</left>
			<top>0</top>
			<width>692</width>
			<height>600</height>
			<texture border="40">dialogs/default/bg.png</texture>
		</control>
		<control type="image">
			<left>187</left>
			<top>86</top>
			<width>632</width>
			<height>482</height>
			<texture border="5">dialogs/default/inner.png</texture>
		</control>
		<control type="label" id="1">
			<left>30</left>
			<top>32</top>
			<width>940</width>
			<height>40</height>
			<font>font15_title</font>
			<label>$LOCALIZE[31041]</label>
			<align>center</align>
			<textcolor>dialogheader</textcolor>
		</control>
		<control type="list" id="90100">
			<left>189</left>
			<top>88</top>
			<width>630</width>
			<height>480</height>
			<onup>90100</onup>
			<ondown>90100</ondown>
			<onleft>90100</onleft>
			<onright>60</onright>
			<pagecontrol>60</pagecontrol>
			<scrolltime tween="quadratic" easing="out">200</scrolltime>
			<itemlayout height="60" width="630">
				<control type="image">
					<width>630</width>
					<height>60</height>
					<texture border="1">separator2.png</texture>
				</control>
				<control type="label">
					<width>630</width>
					<height>60</height>
					<textoffsetx>15</textoffsetx>
					<font>font14</font>
					<textcolor>grey2</textcolor>
					<selectedcolor>selected</selectedcolor>
					<align>left</align>
					<aligny>center</aligny>
					<label>$INFO[ListItem.Label]</label>
				</control>
			</itemlayout>
			<focusedlayout height="60" width="630">
				<control type="image">
					<width>630</width>
					<height>60</height>
					<texture border="1">separator2.png</texture>
					<include>VisibleFadeEffect</include>
				</control>
				<control type="image">
					<width>629</width>
					<height>60</height>
					<texture border="5">listselect_fo.png</texture>
					<visible>Control.HasFocus(90100)</visible>
					<include>VisibleFadeEffect</include>
				</control>
				<control type="label">
					<width>630</width>
					<height>60</height>
					<textoffsetx>15</textoffsetx>
					<font>font14</font>
					<textcolor>white</textcolor>
					<selectedcolor>selected</selectedcolor>
					<scroll>true</scroll>
					<align>left</align>
					<aligny>center</aligny>
					<label>$INFO[ListItem.Label]</label>
					<animation effect="fade" start="100" end="70" time="300" tween="sine" easing="inout" condition="!Control.HasFocus(90100)">Conditional</animation>
				</control>
			</focusedlayout>
			<content>
				<item>
					<label>$LOCALIZE[16018]</label>
					<onclick>Skin.Reset(ItemToEdit.Widget)</onclick>
					<onclick>Skin.Reset(ItemToEdit.WidgetLabel)</onclick>
					<onclick>Skin.Reset(ItemToEdit.WidgetType)</onclick>					
					<onclick>Skin.SetString($INFO[Window(Home).Property(Nox.Widget)],$INFO[Skin.String(ItemToEdit.Widget)])</onclick>
					<onclick>Skin.SetString($INFO[Window(Home).Property(Nox.WidgetLabel)],$INFO[Skin.String(ItemToEdit.WidgetLabel)])</onclick>
					<onclick>Skin.SetString($INFO[Window(Home).Property(Nox.WidgetType)],$INFO[Skin.String(ItemToEdit.WidgetType)])</onclick>
					<onclick>Dialog.Close(1124)</onclick>
				</item>
				<item>
					<label>$LOCALIZE[31029]</label>
					<onclick>Skin.SetString(ItemToEdit.Widget,special://skin/extras/playlists/recentmovies.xsp)</onclick>
					<onclick>Skin.SetString(ItemToEdit.WidgetLabel,$LOCALIZE[31029])</onclick>
					<onclick>Skin.SetString(ItemToEdit.WidgetType,1)</onclick>					
					<onclick>Dialog.Close(1124)</onclick>					
				</item>				
				<item>
					<label>$LOCALIZE[31031]</label>
					<onclick>Skin.SetString(ItemToEdit.Widget,2)</onclick>
					<onclick>Skin.SetString(ItemToEdit.WidgetLabel,$LOCALIZE[31031])</onclick>
					<onclick>Skin.SetString(ItemToEdit.WidgetType,1)</onclick>
					<onclick>Dialog.Close(1124)</onclick>
				</item>				
				<item>
					<label>$LOCALIZE[31032]</label>
					<onclick>Skin.SetString(ItemToEdit.Widget,special://skin/extras/playlists/recommendedmovies.xsp)</onclick>
					<onclick>Skin.SetString(ItemToEdit.WidgetLabel,$LOCALIZE[31032])</onclick>
					<onclick>Skin.SetString(ItemToEdit.WidgetType,1)</onclick>
					<onclick>Dialog.Close(1124)</onclick>
				</item>				
				<item>
					<label>Movies In Progress</label>
					<onclick>Skin.SetString(ItemToEdit.Widget,special://skin/extras/playlists/moviesinprogress.xsp)</onclick>
					<onclick>Skin.SetString(ItemToEdit.WidgetLabel,Movies In Progress)</onclick>
					<onclick>Skin.SetString(ItemToEdit.WidgetType,1)</onclick>
					<onclick>Dialog.Close(1124)</onclick>
				</item>
				<item>
					<label>3D Movies</label>
					<onclick>Skin.SetString(ItemToEdit.Widget,special://skin/extras/playlists/3dmovies.xsp)</onclick>
					<onclick>Skin.SetString(ItemToEdit.WidgetLabel,3D Movies)</onclick>
					<onclick>Skin.SetString(ItemToEdit.WidgetType,1)</onclick>
					<onclick>Dialog.Close(1124)</onclick>
				</item>
				<item>
					<label>Top Rated Movies</label>
					<onclick>Skin.SetString(ItemToEdit.Widget,special://skin/extras/playlists/topratedmovies.xsp)</onclick>
					<onclick>Skin.SetString(ItemToEdit.WidgetLabel,Top Rated Movies)</onclick>
					<onclick>Skin.SetString(ItemToEdit.WidgetType,1)</onclick>
					<onclick>Dialog.Close(1124)</onclick>
				</item>
				<item>
					<label>IMDB Top 250</label>
					<onclick>Skin.SetString(ItemToEdit.Widget,special://skin/extras/playlists/imdbtop250.xsp)</onclick>
					<onclick>Skin.SetString(ItemToEdit.WidgetLabel,IMDB Top 250)</onclick>
					<onclick>Skin.SetString(ItemToEdit.WidgetType,1)</onclick>
					<onclick>Dialog.Close(1124)</onclick>
				</item>
				<item>
					<label>$LOCALIZE[31030]</label>
					<onclick>Skin.SetString(ItemToEdit.Widget,special://skin/extras/playlists/recentepisodes.xsp)</onclick>
					<onclick>Skin.SetString(ItemToEdit.WidgetLabel,$LOCALIZE[31030])</onclick>
					<onclick>Skin.SetString(ItemToEdit.WidgetType,4)</onclick>
					<onclick>Dialog.Close(1124)</onclick>
				</item>
				<item>
					<label>$LOCALIZE[31033]</label>
					<onclick>Skin.SetString(ItemToEdit.Widget,5)</onclick>
					<onclick>Skin.SetString(ItemToEdit.WidgetLabel,$LOCALIZE[31033])</onclick>
					<onclick>Skin.SetString(ItemToEdit.WidgetType,4)</onclick>
					<onclick>Dialog.Close(1124)</onclick>
				</item>
				<item>
					<label>$LOCALIZE[31034]</label>
					<onclick>Skin.SetString(ItemToEdit.Widget,6)</onclick>
					<onclick>Skin.SetString(ItemToEdit.WidgetLabel,$LOCALIZE[31034])</onclick>
					<onclick>Skin.SetString(ItemToEdit.WidgetType,4)</onclick>
					<onclick>Dialog.Close(1124)</onclick>
				</item>
				<item>
					<label>Episodes In Progress</label>
					<onclick>Skin.SetString(ItemToEdit.Widget,special://skin/extras/playlists/episodesinprogress.xsp)</onclick>
					<onclick>Skin.SetString(ItemToEdit.WidgetLabel,Episodes in Progress)</onclick>
					<onclick>Skin.SetString(ItemToEdit.WidgetType,4)</onclick>
					<onclick>Dialog.Close(1124)</onclick>
				</item>				
				<item>
					<label>Top Rated Episodes</label>
					<onclick>Skin.SetString(ItemToEdit.Widget,special://skin/extras/playlists/topratedepisodes.xsp)</onclick>
					<onclick>Skin.SetString(ItemToEdit.WidgetLabel,Top Rated Episodes)</onclick>
					<onclick>Skin.SetString(ItemToEdit.WidgetType,4)</onclick>
					<onclick>Dialog.Close(1124)</onclick>
				</item>				
				<item>
					<label>Recent Music Videos</label>
					<onclick>Skin.SetString(ItemToEdit.Widget,special://skin/extras/playlists/recentmusicvideos.xsp)</onclick>
					<onclick>Skin.SetString(ItemToEdit.WidgetLabel,Recent Music Videos)</onclick>
					<onclick>Skin.SetString(ItemToEdit.WidgetType,5)</onclick>
					<onclick>Dialog.Close(1124)</onclick>					
				</item>
				<item>
					<label>Random Music Videos</label>
					<onclick>Skin.SetString(ItemToEdit.Widget,special://skin/extras/playlists/randommusicvideos.xsp)</onclick>
					<onclick>Skin.SetString(ItemToEdit.WidgetLabel,Random Music Videos)</onclick>
					<onclick>Skin.SetString(ItemToEdit.WidgetType,5)</onclick>
					<onclick>Dialog.Close(1124)</onclick>					
				</item>
				<item>
					<label>Recommended Music Videos</label>
					<onclick>Skin.SetString(ItemToEdit.Widget,special://skin/extras/playlists/recommendedmusicvideos.xsp)</onclick>
					<onclick>Skin.SetString(ItemToEdit.WidgetLabel,Recommended Music Videos)</onclick>
					<onclick>Skin.SetString(ItemToEdit.WidgetType,5)</onclick>
					<onclick>Dialog.Close(1124)</onclick>					
				</item>				
				<item>
					<label>$LOCALIZE[31035]</label>
					<onclick>Skin.SetString(ItemToEdit.Widget,7)</onclick>
					<onclick>Skin.SetString(ItemToEdit.WidgetLabel,$LOCALIZE[31035])</onclick>
					<onclick>Skin.SetString(ItemToEdit.WidgetType,9)</onclick>
					<onclick>Dialog.Close(1124)</onclick>
				</item>				
				<item>
					<label>$LOCALIZE[31037]</label>
					<onclick>Skin.SetString(ItemToEdit.Widget,9)</onclick>
					<onclick>Skin.SetString(ItemToEdit.WidgetLabel,$LOCALIZE[31037])</onclick>
					<onclick>Skin.SetString(ItemToEdit.WidgetType,2)</onclick>
					<onclick>Dialog.Close(1124)</onclick>
				</item>
				<item>
					<label>$LOCALIZE[31036]</label>
					<onclick>Skin.SetString(ItemToEdit.Widget,8)</onclick>
					<onclick>Skin.SetString(ItemToEdit.WidgetLabel,$LOCALIZE[31036])</onclick>
					<onclick>Skin.SetString(ItemToEdit.WidgetType,2)</onclick>
					<onclick>Dialog.Close(1124)</onclick>
				</item>
				<item>
					<label>$LOCALIZE[31038]</label>
					<onclick>Skin.SetString(ItemToEdit.Widget,10)</onclick>
					<onclick>Skin.SetString(ItemToEdit.WidgetLabel,$LOCALIZE[31038])</onclick>
					<onclick>Skin.SetString(ItemToEdit.WidgetType,2)</onclick>
					<onclick>Dialog.Close(1124)</onclick>
				</item>
				<item>
					<label>Top Rated Albums</label>
					<onclick>Skin.SetString(ItemToEdit.Widget,special://skin/extras/playlists/topratedalbums.xsp)</onclick>
					<onclick>Skin.SetString(ItemToEdit.WidgetLabel,Top Rated Albums)</onclick>
					<onclick>Skin.SetString(ItemToEdit.WidgetType,2)</onclick>
					<onclick>Dialog.Close(1124)</onclick>
				</item>				
				<item>
					<label>$LOCALIZE[12600]</label>
					<onclick>Skin.SetString(ItemToEdit.Widget,11)</onclick>
					<onclick>Skin.SetString(ItemToEdit.WidgetLabel,$LOCALIZE[12600])</onclick>
					<onclick>Dialog.Close(1124)</onclick>
					<onclick>Skin.SetString(ItemToEdit.WidgetType,3)</onclick>
					<visible>!IsEmpty(Weather.Plugin)</visible>
				</item>
				<item>
					<label>$LOCALIZE[20012]</label>
					<onclick>Skin.SetFile(ItemToEdit.Widget,.xsp,special://profile/playlists/video/)</onclick>
					<onclick>Skin.SetString(ItemToEdit.WidgetLabel)</onclick>
					<onclick>Skin.SetString(ItemToEdit.WidgetType,20)</onclick>
					<onclick>Dialog.Close(1124)</onclick>
				</item>
				<item>
					<label>$LOCALIZE[20011]</label>
					<onclick>Skin.SetFile(ItemToEdit.Widget,.xsp|.m3u,special://profile/playlists/music/)</onclick>
					<onclick>Skin.SetString(ItemToEdit.WidgetLabel)</onclick>
					<onclick>Skin.SetString(ItemToEdit.WidgetType,21)</onclick>
					<onclick>Dialog.Close(1124)</onclick>
				</item>
				<item>
					<label>$LOCALIZE[1037]</label>
					<onclick>Skin.SetString(ItemToEdit.Widget,addons://sources/video/)</onclick>
					<onclick>Skin.SetString(ItemToEdit.WidgetLabel,$LOCALIZE[1037])</onclick>
					<onclick>Dialog.Close(1124)</onclick>
					<onclick>Skin.SetString(ItemToEdit.WidgetType,8)</onclick>
				</item>
				<item>
					<label>$LOCALIZE[636] ($LOCALIZE[1037])</label>
					<onclick>Skin.SetString(ItemToEdit.Widget)</onclick>
					<onclick>Skin.SetString(ItemToEdit.WidgetLabel)</onclick>
					<onclick>Skin.SetString(ItemToEdit.WidgetType,8)</onclick>
					<onclick>Dialog.Close(1124)</onclick>
				</item>
				<item>
					<label>$LOCALIZE[1038]</label>
					<onclick>Skin.SetString(ItemToEdit.Widget,addons://sources/audio/)</onclick>
					<onclick>Skin.SetString(ItemToEdit.WidgetLabel,$LOCALIZE[1038])</onclick>
					<onclick>Dialog.Close(1124)</onclick>
					<onclick>Skin.SetString(ItemToEdit.WidgetType,8)</onclick>
				</item>
				<item>
					<label>$LOCALIZE[1039]</label>
					<onclick>Skin.SetString(ItemToEdit.Widget,addons://sources/image/)</onclick>
					<onclick>Skin.SetString(ItemToEdit.WidgetLabel,$LOCALIZE[1039])</onclick>
					<onclick>Dialog.Close(1124)</onclick>
					<onclick>Skin.SetString(ItemToEdit.WidgetType,7)</onclick>
				</item>
				<item>
					<label>$LOCALIZE[1043]</label>
					<onclick>Skin.SetString(ItemToEdit.Widget,addons://sources/executable/)</onclick>
					<onclick>Skin.SetString(ItemToEdit.WidgetLabel,$LOCALIZE[1043])</onclick>
					<onclick>Dialog.Close(1124)</onclick>
					<onclick>Skin.SetString(ItemToEdit.WidgetType,8)</onclick>
				</item>				
				<item>
					<label>Rotten Tomatoes - In Theaters Movies</label>
					<onclick>Skin.SetString(ItemToEdit.Widget,20)</onclick>
					<onclick>Skin.SetString(ItemToEdit.WidgetLabel,In Theater Movies)</onclick>
					<onclick>Skin.SetString(ItemToEdit.WidgetType,40)</onclick>
					<onclick>Dialog.Close(1124)</onclick>
					<visible>System.HasAddon(script.extendedinfo)</visible>
				</item>
				<item>
					<label>Rotten Tomatoes - Coming Soon</label>
					<onclick>Skin.SetString(ItemToEdit.Widget,21)</onclick>
					<onclick>Skin.SetString(ItemToEdit.WidgetLabel,Coming Soon)</onclick>
					<onclick>Skin.SetString(ItemToEdit.WidgetType,40)</onclick>
					<onclick>Dialog.Close(1124)</onclick>
					<visible>System.HasAddon(script.extendedinfo)</visible>
				</item>
				<item>
					<label>Rotten Tomatoes - Opening Movies</label>
					<onclick>Skin.SetString(ItemToEdit.Widget,22)</onclick>
					<onclick>Skin.SetString(ItemToEdit.WidgetLabel,Opening Movies)</onclick>
					<onclick>Skin.SetString(ItemToEdit.WidgetType,40)</onclick>
					<onclick>Dialog.Close(1124)</onclick>
					<visible>System.HasAddon(script.extendedinfo)</visible>
				</item>
				<item>
					<label>Rotten Tomatoes - Box Office</label>
					<onclick>Skin.SetString(ItemToEdit.Widget,23)</onclick>
					<onclick>Skin.SetString(ItemToEdit.WidgetLabel,BoxOffice)</onclick>
					<onclick>Skin.SetString(ItemToEdit.WidgetType,40)</onclick>
					<onclick>Dialog.Close(1124)</onclick>
					<visible>System.HasAddon(script.extendedinfo)</visible>
				</item>
				<item>
					<label>Rotten Tomatoes - Top Rentals</label>
					<onclick>Skin.SetString(ItemToEdit.Widget,24)</onclick>
					<onclick>Skin.SetString(ItemToEdit.WidgetLabel,Top Rentals)</onclick>
					<onclick>Skin.SetString(ItemToEdit.WidgetType,40)</onclick>
					<onclick>Dialog.Close(1124)</onclick>
					<visible>System.HasAddon(script.extendedinfo)</visible>
				</item>
				<item>
					<label>Rotten Tomatoes - Current DVD Releases</label>
					<onclick>Skin.SetString(ItemToEdit.Widget,25)</onclick>
					<onclick>Skin.SetString(ItemToEdit.WidgetLabel,Current DVD Releases)</onclick>
					<onclick>Skin.SetString(ItemToEdit.WidgetType,40)</onclick>
					<onclick>Dialog.Close(1124)</onclick>
					<visible>System.HasAddon(script.extendedinfo)</visible>
				</item>
				<item>
					<label>Rotten Tomatoes - New DVD Releases</label>
					<onclick>Skin.SetString(ItemToEdit.Widget,26)</onclick>
					<onclick>Skin.SetString(ItemToEdit.WidgetLabel,New DVD Releases)</onclick>
					<onclick>Skin.SetString(ItemToEdit.WidgetType,40)</onclick>
					<onclick>Dialog.Close(1124)</onclick>
					<visible>System.HasAddon(script.extendedinfo)</visible>
				</item>
				<item>
					<label>Rotten Tomatoes - UpComing DVDs</label>
					<onclick>Skin.SetString(ItemToEdit.Widget,27)</onclick>
					<onclick>Skin.SetString(ItemToEdit.WidgetLabel,Upcoming DVDs)</onclick>
					<onclick>Skin.SetString(ItemToEdit.WidgetType,40)</onclick>
					<onclick>Dialog.Close(1124)</onclick>
					<visible>System.HasAddon(script.extendedinfo)</visible>
				</item>					
				<item>
					<label>The MovieDB - In Cinemas</label>
					<onclick>Skin.SetString(ItemToEdit.Widget,28)</onclick>
					<onclick>Skin.SetString(ItemToEdit.WidgetLabel,In Cinemas)</onclick>
					<onclick>Skin.SetString(ItemToEdit.WidgetType,41)</onclick>
					<onclick>Dialog.Close(1124)</onclick>
					<visible>System.HasAddon(script.extendedinfo)</visible>
				</item>
				<item>
					<label>The MovieDB - Up Coming Movies</label>
					<onclick>Skin.SetString(ItemToEdit.Widget,29)</onclick>
					<onclick>Skin.SetString(ItemToEdit.WidgetLabel,Up Coming Movies)</onclick>
					<onclick>Skin.SetString(ItemToEdit.WidgetType,41)</onclick>
					<onclick>Dialog.Close(1124)</onclick>
					<visible>System.HasAddon(script.extendedinfo)</visible>
				</item>
				<item>
					<label>The MovieDB - Popular Movies</label>
					<onclick>Skin.SetString(ItemToEdit.Widget,30)</onclick>
					<onclick>Skin.SetString(ItemToEdit.WidgetLabel,Popular Movies)</onclick>
					<onclick>Skin.SetString(ItemToEdit.WidgetType,41)</onclick>
					<onclick>Dialog.Close(1124)</onclick>
					<visible>System.HasAddon(script.extendedinfo)</visible>
				</item>
				<item>
					<label>The MovieDB - Top Rated Movies</label>
					<onclick>Skin.SetString(ItemToEdit.Widget,31)</onclick>
					<onclick>Skin.SetString(ItemToEdit.WidgetLabel,Top Rated Movies)</onclick>
					<onclick>Skin.SetString(ItemToEdit.WidgetType,41)</onclick>
					<onclick>Dialog.Close(1124)</onclick>
					<visible>System.HasAddon(script.extendedinfo)</visible>
				</item>
				<item>
					<label>The MovieDB - Popular TV Shows</label>
					<onclick>Skin.SetString(ItemToEdit.Widget,32)</onclick>
					<onclick>Skin.SetString(ItemToEdit.WidgetLabel,Popular TV Shows)</onclick>
					<onclick>Skin.SetString(ItemToEdit.WidgetType,44)</onclick>
					<onclick>Dialog.Close(1124)</onclick>
					<visible>System.HasAddon(script.extendedinfo)</visible>
				</item>
				<item>
					<label>The MovieDB - Top Rated TV Shows</label>
					<onclick>Skin.SetString(ItemToEdit.Widget,33)</onclick>
					<onclick>Skin.SetString(ItemToEdit.WidgetLabel,Top Rated TV Shows)</onclick>
					<onclick>Skin.SetString(ItemToEdit.WidgetType,44)</onclick>
					<onclick>Dialog.Close(1124)</onclick>
					<visible>System.HasAddon(script.extendedinfo)</visible>
				</item>
				<item>
					<label>The MovieDB - On Air TV Shows</label>
					<onclick>Skin.SetString(ItemToEdit.Widget,34)</onclick>
					<onclick>Skin.SetString(ItemToEdit.WidgetLabel,On Air TV Shows)</onclick>
					<onclick>Skin.SetString(ItemToEdit.WidgetType,44)</onclick>
					<onclick>Dialog.Close(1124)</onclick>
					<visible>System.HasAddon(script.extendedinfo)</visible>
				</item>				
				<item>
					<label>The MovieDB - Airing Today TV Shows</label>
					<onclick>Skin.SetString(ItemToEdit.Widget,35)</onclick>
					<onclick>Skin.SetString(ItemToEdit.WidgetLabel,Airing Today TV Shows)</onclick>
					<onclick>Skin.SetString(ItemToEdit.WidgetType,44)</onclick>
					<onclick>Dialog.Close(1124)</onclick>
					<visible>System.HasAddon(script.extendedinfo)</visible>
				</item>			
				<item>
					<label>Trakt.tv - Trending Movies</label>
					<onclick>Skin.SetString(ItemToEdit.Widget,36)</onclick>
					<onclick>Skin.SetString(ItemToEdit.WidgetLabel,Trending Movies)</onclick>
					<onclick>Skin.SetString(ItemToEdit.WidgetType,42)</onclick>
					<onclick>Dialog.Close(1124)</onclick>
					<visible>System.HasAddon(script.extendedinfo)</visible>
				</item>				
				<item>
					<label>Trakt.tv - Trending Shows</label>
					<onclick>Skin.SetString(ItemToEdit.Widget,37)</onclick>
					<onclick>Skin.SetString(ItemToEdit.WidgetLabel,Trending Shows)</onclick>
					<onclick>Skin.SetString(ItemToEdit.WidgetType,43)</onclick>
					<onclick>Dialog.Close(1124)</onclick>
					<visible>System.HasAddon(script.extendedinfo)</visible>
				</item>				
				<item>
					<label>The AudioDB - Near Events</label>
					<onclick>Skin.SetString(ItemToEdit.Widget,41)</onclick>
					<onclick>Skin.SetString(ItemToEdit.WidgetLabel,Near Events)</onclick>
					<onclick>Skin.SetString(ItemToEdit.WidgetType,45)</onclick>
					<onclick>Dialog.Close(1124)</onclick>
					<visible>System.HasAddon(script.extendedinfo)</visible>
				</item>
				<item>
					<label>Custom Content 1</label>
					<onclick>Skin.SetString(ItemToEdit.Widget,42)</onclick>
					<onclick>Skin.SetString(ItemToEdit.WidgetLabel,$INFO[Skin.String(CustomContent1.Label)])</onclick>
					<onclick>Skin.SetString(ItemToEdit.WidgetType,47)</onclick>
					<onclick>Dialog.Close(1124)</onclick>
					<visible>!IsEmpty(Skin.String(CustomContent1.List))</visible>
				</item>					
				<item>
					<label>Custom Content 2</label>
					<onclick>Skin.SetString(ItemToEdit.Widget,43)</onclick>
					<onclick>Skin.SetString(ItemToEdit.WidgetLabel,$INFO[Skin.String(CustomContent2.Label)])</onclick>
					<onclick>Skin.SetString(ItemToEdit.WidgetType,47)</onclick>
					<onclick>Dialog.Close(1124)</onclick>
					<visible>!IsEmpty(Skin.String(CustomContent2.List))</visible>
				</item>
			</content>
		</control>
		<control type="scrollbar" id="60">
			<left>821</left>
			<top>88</top>
			<height>480</height>
			<width>8</width>
			<onleft>90100</onleft>
			<onright>90100</onright>
			<ondown>60</ondown>
			<onup>60</onup>
			<showonepage>false</showonepage>
			<texturesliderbackground>-</texturesliderbackground>
			<texturesliderbar colordiffuse="55ffffff" border="4">scrollbar/texturesliderbar3.png</texturesliderbar>
			<texturesliderbarfocus border="4">scrollbar/texturesliderbar3.png</texturesliderbarfocus>
		</control>
	</controls>
</window>