<?xml version="1.0" encoding="UTF-8"?>
<window id="1130" type="dialog">
	<defaultcontrol always="true">9000</defaultcontrol>
	<include>WindowSettingsFadeEffect</include>
	<controls>
		<control type="button" id="8999">
			<description>Close Window button</description>
			<left>350</left>
			<top>0</top>
			<width>64</width>
			<height>48</height>
			<label></label>
			<font>CloseButton</font>
			<textcolor>grey</textcolor>
			<focusedcolor>themecolor</focusedcolor>
			<onclick>Dialog.Close(1130)</onclick>
			<texturefocus>-</texturefocus>
			<texturenofocus>-</texturenofocus>
			<onleft>2</onleft>
			<onright>13</onright>
			<onup>13</onup>
			<ondown>2</ondown>
			<align>center</align>
			<aligny>center</aligny>
			<visible>system.getbool(input.enablemouse)</visible>
		</control>
		<control type="label">
			<top>100</top>
			<width>400</width>
			<height>52</height>
			<textoffsetx>15</textoffsetx>
			<font>font13_title</font>
			<label>31101</label>
			<textcolor>themecolor</textcolor>
			<aligny>center</aligny>
		</control>
		<control type="list" id="9000">
			<left>0</left>
			<top>152</top>
			<width>400</width>
			<height>915</height>
			<onleft>Dialog.Close(1130)</onleft>
			<onright>Dialog.Close(1130)</onright>
			<itemlayout width="400" height="60">
				<control type="image">
					<width>400</width>
					<height>60</height>
					<texture border="1">separator2.png</texture>
				</control>
				<control type="label">
					<width>400</width>
					<height>60</height>
					<font>font13</font>
					<textcolor>grey2</textcolor>
					<textoffsetx>15</textoffsetx>
					<selectedcolor>selected</selectedcolor>
					<align>left</align>
					<aligny>center</aligny>
					<label>$INFO[ListItem.Label]</label>
				</control>
			</itemlayout>
			<focusedlayout width="400" height="60">
				<control type="image">
					<width>400</width>
					<height>60</height>
					<texture border="4">listselect_fo.png</texture>
				</control>
				<control type="label">
					<width>400</width>
					<height>60</height>
					<textoffsetx>15</textoffsetx>
					<font>font13</font>
					<selectedcolor>selected</selectedcolor>
					<align>left</align>
					<aligny>center</aligny>
					<label>$INFO[ListItem.Label]</label>
				</control>

			</focusedlayout>
			<content>
				<item>
					<label>$LOCALIZE[535]</label>
					<onclick>Container.SetViewMode(50)</onclick>
				</item>
				<item>
					<label>RightList</label>
					<onclick>Container.SetViewMode(700)</onclick>
					<visible>Window.IsActive(videos)</visible>
					<visible>[Container.Content(movies) | Container.Content(tvshows) | Container.Content(seasons) | Container.Content(episodes) | Container.Content(sets) | Container.Content(artists)] + !Skin.HasSetting(Disable.RightListView)</visible>
				</item>
				<item>
					<label>RightList</label>
					<onclick>Container.SetViewMode(700)</onclick>
					<visible>Window.IsActive(musicfiles) | Window.IsActive(musiclibrary)</visible>
					<visible>Container.Content(artists) + !Skin.HasSetting(Disable.RightListView)</visible>
				</item>
				<item>
					<label>FanartList</label>
					<onclick>Container.SetViewMode(602)</onclick>
					<visible>Window.IsActive(videos)</visible>
					<visible>[Container.Content(movies) | Container.Content(tvshows) | Container.Content(seasons) | Container.Content(episodes)] + !Skin.HasSetting(Disable.FanartListView)</visible>
				</item>
				<item>
					<label>LowList</label>
					<onclick>Container.SetViewMode(501)</onclick>
					<visible>Window.IsActive(videos)</visible>
					<visible>[Container.Content(movies) | Container.Content(tvshows) | Container.Content(seasons) | Container.Content(episodes)] + !Skin.HasSetting(Disable.LowListView)</visible>
				</item>
				<item>
					<label>LowList</label>
					<onclick>Container.SetViewMode(501)</onclick>
					<visible>Window.IsActive(musicfiles) | Window.IsActive(musiclibrary)</visible>
					<visible>[Container.Content(albums) | Container.Content(artists) | Container.Content(songs) | Window.IsActive(musicfiles)] + !Skin.HasSetting(Disable.LowListView)</visible>
				</item>
				<item>
					<label>LowList</label>
					<onclick>Container.SetViewMode(501)</onclick>
					<visible>Window.IsActive(programs)</visible>
					<visible>SubString(Container.FolderPath,plugin.program.advanced.launcher) + !Skin.HasSetting(Disable.LowListView)</visible>
				</item>
				<item>
					<label>BigList</label>
					<onclick>Container.SetViewMode(507)</onclick>7
					<visible>Window.IsActive(videos)</visible>
					<visible>[Container.Content(movies) | Container.Content(tvshows) | Container.Content(episodes)] + !Skin.HasSetting(Disable.BigListView)</visible>
				</item>
				<item>
					<label>BigList</label>
					<onclick>Container.SetViewMode(507)</onclick>
					<visible>Window.IsActive(musiclibrary)</visible>
					<visible>[Container.Content(albums) | Container.Content(artists)] + !Skin.HasSetting(Disable.BigListView)</visible>
				</item>
				<item>
					<label>MyFlix</label>
					<onclick>Container.SetViewMode(701)</onclick>
					<visible>Window.IsActive(videos)</visible>
					<visible>[Container.Content(movies) | Container.Content(sets) | Container.Content(tvshows) | Container.Content(episodes)] + !Skin.HasSetting(Disable.MyFlixView)</visible>
				</item>
				<item>
					<label>SongList</label>
					<onclick>Container.SetViewMode(508)</onclick>
					<visible>Window.IsActive(musiclibrary)</visible>
					<visible>Container.Content(songs) + !Skin.HasSetting(Disable.SongListView)</visible>
				</item>
				<item>
					<label>$LOCALIZE[31078]</label>
					<onclick>Container.SetViewMode(55)</onclick>
					<visible>Window.IsActive(videos)</visible>
					<visible>[Container.Content(movies) | Container.Content(tvshows) | Container.Content(seasons) | Container.Content(episodes) | Container.Content(sets)] + !Skin.HasSetting(Disable.TriPanelView)</visible>
				</item>
				<item>
					<label>$LOCALIZE[31078]</label>
					<onclick>Container.SetViewMode(55)</onclick>
					<visible>[Window.IsActive(musicfiles) | Window.IsActive(musiclibrary) | Window.IsActive(addonbrowser)]</visible>
					<visible>[Container.Content(albums) | Container.Content(artists) | Container.Content(songs) | Container.Content(addons) | Window.IsActive(musicfiles)] + !Skin.HasSetting(Disable.TriPanelView)</visible>
				</item>
				<item>
					<label>$LOCALIZE[31078]</label>
					<onclick>Container.SetViewMode(55)</onclick>
					<visible>Window.IsActive(programs)</visible>
					<visible>SubString(Container.FolderPath,plugin.program.advanced.launcher) + !Skin.HasSetting(Disable.TriPanelView)</visible>
				</item>
				<item>
					<label>$LOCALIZE[536]</label>
					<onclick>Container.SetViewMode(500)</onclick>
					<visible>!Skin.HasSetting(Disable.IconsView)</visible>
					<visible>![Window.IsActive(tvchannels) | Window.IsActive(tvrecordings) | Window.IsActive(tvguide) | Window.IsActive(tvtimers) | Window.IsActive(tvsearch)]</visible>
					<visible>![Window.IsActive(radiochannels) | Window.IsActive(radiorecordings) | Window.IsActive(radioguide) | Window.IsActive(radiotimers) | Window.IsActive(radiosearch)]</visible>
				</item>
				<item>
					<label>$LOCALIZE[1438] $LOCALIZE[536]</label>
					<onclick>Container.SetViewMode(499)</onclick>
					<visible>[Container.Content(movies) | Container.Content(tvshows)] + !Skin.HasSetting(Disable.SmallIconsView)</visible>
				</item>
				<item>
					<label>Wall</label>
					<onclick>Container.SetViewMode(503)</onclick>
					<visible>Window.IsActive(videos) | Window.IsActive(musiclibrary)</visible>
					<visible>[Container.Content(movies) | Container.Content(tvshows) | Container.Content(seasons) | Container.Content(albums) | Container.Content(addons)] + !Skin.HasSetting(Disable.WallView)</visible>
				</item>
				<item>
					<label>Fullscreen Wall</label>
					<onclick>Container.SetViewMode(609)</onclick>
					<visible>Window.IsActive(videos) | Window.IsActive(musiclibrary)</visible>
					<visible>[Container.Content(movies) | Container.Content(tvshows) | Container.Content(sets) | Container.Content(artists) | Container.Content(albums)] + !Skin.HasSetting(Disable.FullscreenWallView)</visible>
				</item>
				<item>
					<label>InfoWall</label>
					<onclick>Container.SetViewMode(51)</onclick>
					<visible>Window.IsActive(videos)</visible>
					<visible>[Container.Content(tvshows) | Container.Content(movies)] + !Skin.HasSetting(Disable.InfoWallView)</visible>
				</item>
				<item>
					<label>InfoWall</label>
					<onclick>Container.SetViewMode(51)</onclick>
					<visible>Window.IsActive(musicfiles) | Window.IsActive(musiclibrary) | Window.IsActive(addonbrowser) | Window.IsActive(programs)</visible>
					<visible>[Container.Content(albums) | Container.Content(artists) | Container.Content(addons)] + !Skin.HasSetting(Disable.InfoWallView)</visible>
				</item>
				<item>
					<label>$LOCALIZE[31088]</label>
					<onclick>Container.SetViewMode(58)</onclick>
					<visible>Window.IsActive(videos)</visible>
					<visible>[Container.Content(movies) | Container.Content(tvshows)] + !Skin.HasSetting(Disable.BannerWallView)</visible>
				</item>
				<item>
					<label>BannerPlex</label>
					<onclick>Container.SetViewMode(601)</onclick>
					<visible>Window.IsActive(videos)</visible>
					<visible>[Container.Content(movies) | Container.Content(tvshows)] + !Skin.HasSetting(Disable.BannerPlexView)</visible>
				</item>
				<item>
					<label>Logo</label>
					<onclick>Container.SetViewMode(59)</onclick>
					<visible>Window.IsActive(videos)</visible>
					<visible>[Container.Content(movies) | Container.Content(tvshows)] + !Skin.HasSetting(Disable.LogoView)</visible>
				</item>
				<item>
					<label>Episode</label>
					<onclick>Container.SetViewMode(502)</onclick>
					<visible>Window.IsActive(videos)</visible>
					<visible>Container.Content(episodes) + !Skin.HasSetting(Disable.EpisodeView)</visible>
				</item>
				<item>
					<label>Posters</label>
					<onclick>Container.SetViewMode(56)</onclick>
					<visible>Window.IsActive(videos)</visible>
					<visible>[Container.Content(genres) | Container.Content(tvshows) | Container.Content(movies) | Container.Content(sets) | Container.Content(seasons) | Container.Content(musicvideos)] + !Skin.HasSetting(Disable.PostersView)</visible>
				</item>
				<item>
					<label>$LOCALIZE[31079]</label>
					<onclick>Container.SetViewMode(57)</onclick>
					<visible>Window.IsActive(videos)</visible>
					<visible>[Container.Content(movies) | Container.Content(tvshows) | Container.Content(musicvideos) | Container.Content(seasons) | Container.Content(genres) | Container.Content(sets) | Container.Content(addons)] + !Skin.HasSetting(Disable.ShiftView)</visible>
				</item>
				<item>
					<label>$LOCALIZE[31079]</label>
					<onclick>Container.SetViewMode(57)</onclick>
					<visible>Window.IsActive(musiclibrary)</visible>
					<visible>[Container.Content(addons) | Container.Content(songs) | Container.Content(artists) | Container.Content(albums) | Container.Content(genres)] + !Skin.HasSetting(Disable.ShiftView)</visible>
				</item>
				<item>
					<label>$LOCALIZE[31079]</label>
					<onclick>Container.SetViewMode(57)</onclick>
					<visible>Window.IsActive(programs)</visible>
					<visible>SubString(Container.FolderPath,plugin.program.advanced.launcher) + !Skin.HasSetting(Disable.LowListView)</visible>
				</item>
				<item>
					<label>$LOCALIZE[31076]</label>
					<onclick>Container.SetViewMode(52)</onclick>
					<visible>[Container.Content(movies) | Container.Content(tvshows) | Container.Content(episodes) | Container.Content(artists) | Container.Content(sets)] + !Skin.HasSetting(Disable.LandscapeView)</visible>
				</item>
				<item>
					<label>$LOCALIZE[31077]</label>
					<onclick>Container.SetViewMode(53)</onclick>
					<visible>Window.IsActive(videos)</visible>
					<visible>[Container.Content(movies) | Container.Content(tvshows) | Container.Content(musicvideos) | Container.Content(seasons) | Container.Content(genres) | Container.Content(sets)] + !Skin.HasSetting(Disable.ShowCaseView)</visible>
				</item>
				<item>
					<label>$LOCALIZE[31077]</label>
					<onclick>Container.SetViewMode(54)</onclick>
					<visible>!Window.IsActive(videos)</visible>
					<visible>[Container.Content(addons) | Container.Content(albums) | Container.Content(songs) | Container.Content(artists) | Container.Content(genres) | Container.Content(years) | Window.IsActive(pictures)] + !Skin.HasSetting(Disable.ShowCaseView)</visible>
				</item>
				<item>
					<label>BigFan</label>
					<onclick>Container.SetViewMode(591)</onclick>
					<visible>[Container.Content(movies) | Container.Content(tvshows) | Container.Content(seasons)] + !Skin.HasSetting(Disable.BigFanView)</visible>
				</item>
				<item>
					<label>BigInfo</label>
					<onclick>Container.SetViewMode(592)</onclick>
					<visible>[Container.Content(movies) | Container.Content(tvshows) | Container.Content(artists)] + !Skin.HasSetting(Disable.BigInfoView)</visible>
				</item>
				<item>
					<label>Gallery</label>
					<onclick>Container.SetViewMode(504)</onclick>
					<visible>[Container.Content(movies) | Container.Content(tvshows) | Container.Content(sets) | Window.IsActive(pictures)] + !Skin.HasSetting(Disable.GalleryView)</visible>
				</item>
				<item>
					<label>Panel</label>
					<onclick>Container.SetViewMode(505)</onclick>
					<visible>[Container.Content(movies) | Container.Content(tvshows) | Container.Content(episodes)] + !Skin.HasSetting(Disable.PanelView)</visible>
				</item>
			</content>
		</control>
	</controls>
</window>