<?xml version='1.0' encoding='UTF-8'?>
<shortcuts>
	<shortcut>
		<defaultID>search</defaultID>
		<label>ZoekFilm</label>
		<label2>Favourite</label2>
		<icon>DefaultFolder.png</icon>
		<thumb>special://home/addons/plugin.video.saltshd.lite/icon.png</thumb>
		<action>Skin.SetString(ZoekFilm)</action>
		<action>ActivateWindow(10025,"plugin://plugin.video.saltshd.lite/?query=$INFO[Skin.String(ZoekFilm)]&amp;section=Movies&amp;mode=search_results",return)</action>
		<action>Skin.Reset(ZoekFilm)</action>
	</shortcut>
	<shortcut>
		<defaultID>search</defaultID>
		<label>ZoekSerie</label>
		<label2>Favourite</label2>
		<icon>DefaultFolder.png</icon>
		<thumb>special://home/addons/plugin.video.saltshd.lite/icon.png</thumb>
		<action>Skin.SetString(ZoekSerie)</action>
		<action>ActivateWindow(10025,"plugin://plugin.video.saltshd.lite/?query=$INFO[Skin.String(ZoekSerie)]&amp;section=TV&amp;mode=search_results",return)</action>
		<action>Skin.Reset(ZoekSerie)</action>
	</shortcut>
	<shortcut>
		<defaultID>search</defaultID>
		<label>ZoekFilm</label>
		<label2>Favourite</label2>
		<icon>DefaultFolder.png</icon>
		<thumb>special://home/addons/plugin.video.salts/icon.png</thumb>
		<action>Skin.SetString(ZoekFilm)</action>
		<action>ActivateWindow(10025,"plugin://plugin.video.salts/?query=$INFO[Skin.String(ZoekFilm)]&amp;section=Movies&amp;mode=search_results",return)</action>
		<action>Skin.Reset(ZoekFilm)</action>
	</shortcut>
	<shortcut>
		<defaultID>search</defaultID>
		<label>ZoekSerie</label>
		<label2>Favourite</label2>
		<icon>DefaultFolder.png</icon>
		<thumb>special://home/addons/plugin.video.salts/icon.png</thumb>
		<action>Skin.SetString(ZoekSerie)</action>
		<action>ActivateWindow(10025,"plugin://plugin.video.salts/?query=$INFO[Skin.String(ZoekSerie)]&amp;section=TV&amp;mode=search_results",return)</action>
		<action>Skin.Reset(ZoekSerie)</action>
	</shortcut>
</shortcuts>
