<?xml version='1.0' encoding='UTF-8'?>
<shortcuts>
	<shortcut>
		<defaultID>24001</defaultID>
		<label>24001</label>
		<label2 />
		<icon>DefaultShortcut.png</icon>
		<thumb />
		<action>ActivateWindow(AddonBrowser)</action>
	</shortcut>
	<shortcut>
		<defaultID>20077</defaultID>
		<label>20077</label>
		<label2 />
		<icon>DefaultShortcut.png</icon>
		<thumb />
		<action>ActivateWindow(SkinSettings)</action>
	</shortcut>
	<shortcut>
		<defaultID>7</defaultID>
		<label>7</label>
		<label2 />
		<icon>DefaultShortcut.png</icon>
		<thumb />
		<action>ActivateWindow(FileManager)</action>
	</shortcut>
	<shortcut>
		<defaultID>13200</defaultID>
		<label>13200</label>
		<label2 />
		<icon>DefaultShortcut.png</icon>
		<thumb />
		<action>ActivateWindow(Profiles)</action>
	</shortcut>
	<shortcut>
		<defaultID>130</defaultID>
		<label>130</label>
		<label2 />
		<icon>DefaultShortcut.png</icon>
		<thumb />
		<action>ActivateWindow(SystemInfo)</action>
	</shortcut>
	<shortcut>
		<defaultID>search</defaultID>
		<label>Zoek Film</label>
		<label2>Favourite</label2>
		<icon>DefaultFolder.png</icon>
		<thumb>special://home/addons/plugin.video.saltshd.lite</thumb>
		<action>Skin.SetString(ZoekFilm)</action>
		<action>ActivateWindow(10025,"plugin://plugin.video.saltshd.lite/?query=$INFO[Skin.String(ZoekFilm)]&amp;section=Movies&amp;mode=search_results",return)</action>
		<action>Skin.Reset(ZoekFilm)</action>
	</shortcut>
	<shortcut>
		<defaultID>search</defaultID>
		<label>Zoek Serie</label>
		<label2>Favourite</label2>
		<icon>DefaultFolder.png</icon>
		<thumb>special://home/addons/plugin.video.saltshd.lite</thumb>
		<action>Skin.SetString(ZoekSerie)</action>
		<action>ActivateWindow(10025,"plugin://plugin.video.saltshd.lite/?query=$INFO[Skin.String(ZoekSerie)]&amp;section=TV&amp;mode=search_results",return)</action>
		<action>Skin.Reset(ZoekSerie)</action>
	</shortcut>
</shortcuts>
