<favourites>
	<favourite name="Set Search String" thumb="DefaultAddonVideo.png">ExecuteBuiltin(&quot;Skin.SetString(PictureSearch,)&quot;)</favourite>
	<favourite name="500px" thumb="special://home/addons/plugin.image.500px/icon.png">ActivateWindow(10002,&quot;plugin://plugin.image.500px/?mode=search&amp;page=1&amp;term=$INFO[Skin.String(ImageSearch)]&amp;sf_options=fanart%3Dspecial%3A%2F%2Fhome%2Faddons%2Fplugin.video.4players%2Ffanart.jpg&amp;desc%3DSearch+500px.com+with+query:+$INFO[Skin.String(ImageSearch)]%26_options_sf&quot;,return)</favourite>
	<favourite name="flickr" thumb="special://home/addons/plugin.image.flickr/icon.png">ActivateWindow(10002,&quot;plugin://plugin.image.flickr/?mode=10&amp;name=$INFO[Skin.String(ImageSearch)]&amp;page=1&amp;url=$INFO[Skin.String(ImageSearch)]&amp;sf_options=fanart%3Dspecial%3A%2F%2Fhome%2Faddons%2Fplugin.video.4players%2Ffanart.jpg&amp;desc%3DSearch+flickr.com+with+query:+$INFO[Skin.String(ImageSearch)]%26_options_sf&quot;,return)</favourite>
	<favourite name="flickr Groups" thumb="special://home/addons/plugin.image.flickr/icon.png">ActivateWindow(10002,&quot;plugin://plugin.image.flickr/?mode=13&amp;name=$INFO[Skin.String(ImageSearch)]&amp;page=2&amp;url=$INFO[Skin.String(ImageSearch)]&amp;sf_options=fanart%3Dspecial%3A%2F%2Fhome%2Faddons%2Fplugin.video.4players%2Ffanart.jpg&amp;desc%3DSearch+Groups+on+flickr.com+with+query:+$INFO[Skin.String(ImageSearch)]%26_options_sf&quot;,return)</favourite>
	<favourite name="Google Images" thumb="special://home/addons/plugin.image.google/icon.png">	ActivateWindow(10002,&quot;plugin://plugin.image.google/?mode=103&amp;name=Search%20icon&amp;page=1&amp;url=q%3d[%SF+%]&amp;sf_options=fanart%3Dspecial%3A%2F%2Fhome%2Faddons%2Fplugin.image.google%2Ffanart.jpg&amp;desc%3DSearch+Google+Images+with+query:+$INFO[Skin.String(ImageSearch)]%26_options_sf&quot;,return)</favourite>
	<favourite name="Google Images (Wallpaper)" thumb="special://home/addons/plugin.image.google/icon.png">	ActivateWindow(10002,&quot;plugin://plugin.image.google/?mode=103&amp;page=1&amp;name=Search%20icon&amp;url=q%3d[%SF+%]%2bWallpaper&amp;sf_options=fanart%3Dspecial%3A%2F%2Fhome%2Faddons%2Fplugin.image.google%2Ffanart.jpg&amp;desc%3DSearch+for+Wallpaper+on+Google+Images+with+query:+$INFO[Skin.String(ImageSearch)]+Wallpaper%26_options_sf&quot;,return)</favourite>
	<favourite name="PicasaWeb" thumb="special://home/addons/plugin.image.picasa/icon.png">ActivateWindow(10002,&quot;plugin://plugin.image.picasa/search/test?start=1&amp;sf_options=fanart%3Dspecial%3A%2F%2Fhome%2Faddons%2Fplugin.image.picasa%2Ffanart.jpg&amp;desc%3DSearch+PicasaWeb+with+query:+$INFO[Skin.String(ImageSearch)]%26_options_sf&quot;,return)</favourite>
</favourites>