<favourites>
	<favourite name="Set Search String" thumb="DefaultAddonVideo.png">ExecuteBuiltin(&quot;Skin.SetString(MusicSearch,)&quot;)</favourite>
	<favourite name="Bin@ural Album" thumb="special://home/addons/plugin.audio.binaural/icon.png">ActivateWindow(10501,&quot;plugin://plugin.audio.binaural/?artist&amp;iconimage=http%3A%2F%2Fkinkin-xbmc-repository.googlecode.com%2Fsvn%2Ftrunk%2Fzips%2Fplugin.audio.binaural%2Fart%2Fsearch.png&amp;mode=25&amp;name=$INFO[Skin.String(MusicSearch)]&amp;url=url&amp;sf_options=fanart%3Dspecial%3A%2F%2Fhome%2Faddons%2Fplugin.audio.binaural%2Ffanart.jpg&amp;desc%3DSearch+for+Albums+on+Bin@ural+with+query:+$INFO[Skin.String(MusicSearch)]%26_options_sf&quot;,return)</favourite>
	<favourite name="Bin@ural Artist" thumb="special://home/addons/plugin.audio.binaural/icon.png">ActivateWindow(10501,&quot;plugin://plugin.audio.binaural/?artist&amp;iconimage=http%3A%2F%2Fkinkin-xbmc-repository.googlecode.com%2Fsvn%2Ftrunk%2Fzips%2Fplugin.audio.binaural%2Fart%2Fsearch.png&amp;mode=27&amp;name=$INFO[Skin.String(MusicSearch)]&amp;url=url&amp;sf_options=fanart%3Dspecial%3A%2F%2Fhome%2Faddons%2Fplugin.audio.binaural%2Ffanart.jpg&amp;desc%3DSearch+for+Artists+on+Bin@ural+with+query:+$INFO[Skin.String(MusicSearch)]%26_options_sf&quot;,return)</favourite>
	<favourite name="Bin@ural Song" thumb="special://home/addons/plugin.audio.binaural/icon.png">ActivateWindow(10501,&quot;plugin://plugin.audio.binaural/?artist&amp;iconimage=http%3A%2F%2Fkinkin-xbmc-repository.googlecode.com%2Fsvn%2Ftrunk%2Fzips%2Fplugin.audio.binaural%2Fart%2Fsearch.png&amp;mode=26&amp;name=$INFO[Skin.String(MusicSearch)]&amp;artist=1&amp;url=url&amp;sf_options=fanart%3Dspecial%3A%2F%2Fhome%2Faddons%2Fplugin.audio.binaural%2Ffanart.jpg&amp;desc%3DSearch+for+Songs+on+Bin@ural+with+query:+$INFO[Skin.String(MusicSearch)]%26_options_sf&quot;,return)</favourite>
	<favourite name="JamBMC Artists" thumb="special://home/addons/plugin.audio.jambmc/icon.png">ActivateWindow(10501,&quot;plugin://plugin.audio.jambmc/artists/search/?input=$INFO[Skin.String(MusicSearch)]&amp;sf_options=fanart%3Dspecial%3A%2F%2Fhome%2Faddons%2Fplugin.audio.jambmc%2Ffanart.jpg&amp;desc%3DSearch+for+artists+on+Jamendo.com+with+query:+$INFO[Skin.String(MusicSearch)]%26_options_sf&quot;,return)</favourite>
	<favourite name="JamBMC Playlists" thumb="special://home/addons/plugin.audio.jambmc/icon.png">ActivateWindow(10501,&quot;plugin://plugin.audio.jambmc/playlists/search/?input=$INFO[Skin.String(MusicSearch)]&amp;sf_options=fanart%3Dspecial%3A%2F%2Fhome%2Faddons%2Fplugin.audio.jambmc%2Ffanart.jpg&amp;desc%3DSearch+for+playlists+on+Jamendo.com+with+query:+$INFO[Skin.String(MusicSearch)]%26_options_sf&quot;,return)</favourite>
	<favourite name="JamBMC Tracks" thumb="special://home/addons/plugin.audio.jambmc/icon.png">ActivateWindow(10501,&quot;plugin://plugin.audio.jambmc/tracks/search/?input=$INFO[Skin.String(MusicSearch)]&amp;sf_options=fanart%3Dspecial%3A%2F%2Fhome%2Faddons%2Fplugin.audio.jambmc%2Ffanart.jpg&amp;desc%3DSearch+for+tracks+on+Jamendo.com+with+query:+$INFO[Skin.String(MusicSearch)]%26_options_sf&quot;,return)</favourite>
	<favourite name="Loyal Books" thumb="special://home/addons/plugin.audio.booksshouldbefree/icon.png">ActivateWindow(10501,&quot;plugin://plugin.audio.booksshouldbefree/?image=special%3A%2F%2Fhome%2Faddons%2Fplugin.audio.booksshouldbefree%2Ficon.png&amp;keyword=$INFO[Skin.String(MusicSearch)]&amp;mode=600&amp;name=$INFO[Skin.String(MusicSearch)]&amp;page=1&amp;url=url&amp;sf_options=fanart%3Dhttps%3A%2F%2Fi.ytimg.com%2Fvi%2Fh0oUNSOcABQ%2Fmaxresdefault.jpg&amp;desc%3DSearch+LoyalBooks.com+with+query:+$INFO[Skin.String(MusicSearch)]%26_options_sf&quot;,return)</favourite>
	<favourite name="Metalvideo" thumb="special://home/addons/plugin.video.metalvideo/icon.png">ActivateWindow(10501,&quot;plugin://plugin.video.metalvideo/?action=VideoList&amp;url=http%3A%2F%2Fmetalvideo.com%2Fsearch.php%3fkeywords%3dtest&amp;sf_options=fanart%3Dspecial%3A%2F%2Fhome%2Faddons%2Fplugin.video.metalvideo%2Ffanart.jpg&amp;desc%3DSearch+MetalVideo.com+with+query:+$INFO[Skin.String(MusicSearch)]%26_options_sf&quot;,return)</favourite>
	<favourite name="MixCloud Users" thumb="special://home/addons/plugin.audio.mixcloud/icon.png">ActivateWindow(10501,&quot;plugin://plugin.audio.mixcloud/?key=user&amp;mode=30&amp;offset=0&amp;query=$INFO[Skin.String(MusicSearch)]&amp;sf_options=fanart%3Dhttp%3A%2F%2Fwww.dj-dns.net%2Fwp-content%2Fuploads%2F2015%2F08%2FMixcloud.jpg&amp;desc%3DSearch+Mixcloud.com+with+query:+$INFO[Skin.String(MusicSearch)]%26_options_sf&quot;,return)</favourite>
	<favourite name="MixCloud Casts" thumb="special://home/addons/plugin.audio.mixcloud/icon.png">ActivateWindow(10501,&quot;plugin://plugin.audio.mixcloud/?key=cloudcast&amp;mode=30&amp;offset=0&amp;query=$INFO[Skin.String(MusicSearch)]&amp;sf_options=fanart%3Dhttp%3A%2F%2Fwww.dj-dns.net%2Fwp-content%2Fuploads%2F2015%2F08%2FMixcloud.jpg&amp;desc%3DSearch+Mixcloud.com+with+query:+$INFO[Skin.String(MusicSearch)]%26_options_sf&quot;,return)</favourite>
	<favourite name="Modland" thumb="special://home/addons/plugin.audio.modland/icon.png">ActivateWindow(10501,&quot;plugin://plugin.audio.modland/?mode=search&amp;search=$INFO[Skin.String(MusicSearch)]&amp;sf_options=fanart%3Dhttp%3A%2F%2Fstatic.mnium.org%2Fimages%2Fcontenu%2Factus%2FJeuxVideo%2FAssassins_Creed_4%2FVersion_PC_test%2FAC4_version_PC_graphismes_Generale_2.jpg&amp;desc%3DSearch+ExoticA.org.uk+with+query:+$INFO[Skin.String(MusicSearch)]%26_options_sf&quot;,return)</favourite>
	<favourite name="MP3 Albums" thumb="special://home/addons/plugin.audio.mp3streams/icon.png">ActivateWindow(10501,&quot;plugin://plugin.audio.mp3streams/?mode=25&amp;name=$INFO[Skin.String(MusicSearch)]&amp;url=url&amp;sf_options=fanart%3Dspecial%3A%2F%2Fhome%2Faddons%2Fplugin.audio.mp3streams%2Ffanart.jpg&amp;desc%3DSearch+for+Albums+on+MP3+Streams+with+query:+$INFO[Skin.String(MusicSearch)]%26_options_sf&quot;,return)</favourite>
	<favourite name="MP3 Artists" thumb="special://home/addons/plugin.audio.mp3streams/icon.png">ActivateWindow(10501,&quot;plugin://plugin.audio.mp3streams/?mode=27&amp;name=$INFO[Skin.String(MusicSearch)]&amp;url=url&amp;sf_options=fanart%3Dspecial%3A%2F%2Fhome%2Faddons%2Fplugin.audio.mp3streams%2Ffanart.jpg&amp;desc%3DSearch+for+Artists+on+MP3+Streams+with+query:+$INFO[Skin.String(MusicSearch)]%26_options_sf&quot;,return)</favourite>
	<favourite name="MP3 Songs" thumb="special://home/addons/plugin.audio.mp3streams/icon.png">ActivateWindow(10501,&quot;plugin://plugin.audio.mp3streams/?mode=26&amp;name=$INFO[Skin.String(MusicSearch)]&amp;url=url&amp;sf_options=fanart%3Dspecial%3A%2F%2Fhome%2Faddons%2Fplugin.audio.mp3streams%2Ffanart.jpg&amp;desc%3DSearch+for+Songs+on+MP3+Streams+with+query:+$INFO[Skin.String(MusicSearch)]%26_options_sf&quot;,return)</favourite>
	<favourite name="Music Box Tracks" thumb="special://home/addons/plugin.audio.musicbox/icon.png">ActivateWindow(10501,&quot;plugin://plugin.audio.musicbox/?fanart&amp;iconimage&amp;mode=26&amp;name=$INFO[Skin.String(MusicSearch)]%20Tracks&amp;search_query=$INFO[Skin.String(MusicSearch)]&amp;url=1&amp;sf_options=fanart%3Dhttps%3A%2F%2Fwallpaperscraft.com%2Fimage%2Fvk_logo_3d_103718_1920x1080.jpg&amp;desc%3DSearch+for+Tracks+on+Music+Box+with+query:+$INFO[Skin.String(MusicSearch)]%26_options_sf&quot;,return)</favourite>
	<favourite name="Music Box Albums" thumb="special://home/addons/plugin.audio.musicbox/icon.png">ActivateWindow(10501,&quot;plugin://plugin.audio.musicbox/?fanart&amp;iconimage&amp;mode=27&amp;name=$INFO[Skin.String(MusicSearch)]%20Albums&amp;search_query=$INFO[Skin.String(MusicSearch)]&amp;url=1&amp;sf_options=fanart%3Dhttps%3A%2F%2Fwallpaperscraft.com%2Fimage%2Fvk_logo_3d_103718_1920x1080.jpg&amp;desc%3DSearch+for+Albums+on+Music+Box+with+query:+$INFO[Skin.String(MusicSearch)]%26_options_sf&quot;,return)</favourite>
	<favourite name="Music Box Popular Tracks" thumb="special://home/addons/plugin.audio.musicbox/icon.png">ActivateWindow(10501,&quot;plugin://plugin.audio.musicbox/?fanart&amp;iconimage&amp;mode=29&amp;name=$INFO[Skin.String(MusicSearch)]%20Popular%20Tracks&amp;search_query=$INFO[Skin.String(MusicSearch)]&amp;url=1&amp;sf_options=fanart%3Dhttps%3A%2F%2Fwallpaperscraft.com%2Fimage%2Fvk_logo_3d_103718_1920x1080.jpg&amp;desc%3DSearch+for+Popular+Tracks+on+Music+Box+with+query:+$INFO[Skin.String(MusicSearch)]%26_options_sf&quot;,return)</favourite>
	<favourite name="Music Box Setlists" thumb="special://home/addons/plugin.audio.musicbox/icon.png">ActivateWindow(10501,&quot;plugin://plugin.audio.musicbox/?fanart&amp;iconimage&amp;mode=30&amp;name=$INFO[Skin.String(MusicSearch)]%20Setlists&amp;search_query=$INFO[Skin.String(MusicSearch)]&amp;url=1&amp;sf_options=fanart%3Dhttps%3A%2F%2Fwallpaperscraft.com%2Fimage%2Fvk_logo_3d_103718_1920x1080.jpg&amp;desc%3DSearch+for+Setlists+on+Music+Box+with+query:+$INFO[Skin.String(MusicSearch)]%26_options_sf&quot;,return)</favourite>
	<favourite name="Music Box Playlists" thumb="special://home/addons/plugin.audio.musicbox/icon.png">ActivateWindow(10501,&quot;plugin://plugin.audio.musicbox/?fanart&amp;iconimage&amp;mode=32&amp;name=$INFO[Skin.String(MusicSearch)]%20Playlists&amp;search_query=$INFO[Skin.String(MusicSearch)]&amp;url=1&amp;sf_options=fanart%3Dhttps%3A%2F%2Fwallpaperscraft.com%2Fimage%2Fvk_logo_3d_103718_1920x1080.jpg&amp;desc%3DSearch+for+Playlists+on+Music+Box+with+query:+$INFO[Skin.String(MusicSearch)]%26_options_sf&quot;,return)</favourite>
	<favourite name="Radio" thumb="special://home/addons/plugin.audio.radio_de/icon.png">ActivateWindow(10501,&quot;plugin://plugin.audio.radio_de/stations/search/$INFO[Skin.String(MusicSearch)]/&amp;sf_options=fanart%3Dhttp%3A%2F%2Fwww.swedishhitradio.com%2Fattachments%2FImage%2Fradio_de_logo.jpg&amp;desc%3DSearch+Radio.de+with+query:+$INFO[Skin.String(MusicSearch)]%26_options_sf&quot;,return)</favourite>
	<favourite name="SHOUTcast2 Stations" thumb="special://home/addons/plugin.audio.shoutcast/icon.png">ActivateWindow(10501,&quot;plugin://plugin.audio.shoutcast/search/station/$INFO[Skin.String(MusicSearch)]/&amp;sf_options=fanart%3Dhttp%3A%2F%2Fimg.zanda.com%2Fitem%2F91071210000016%2F1024x768%2FSHOUTcast.jpg&amp;desc%3DSearch+SHOUTcast.com+with+query:+$INFO[Skin.String(MusicSearch)]%26_options_sf&quot;,return)</favourite>
	<favourite name="SoundCloud" thumb="special://home/addons/plugin.audio.soundcloud/icon.png">ActivateWindow(10501,&quot;plugin://plugin.audio.soundcloud/search/query/?q=$INFO[Skin.String(MusicSearch)]&amp;sf_options=fanart%3Dspecial%3A%2F%2Fhome%2Faddons%2Fplugin.audio.soundcloud%2Ffanart.jpg&amp;desc%3DSearch+SoundCloud.com+with+query:+$INFO[Skin.String(MusicSearch)]%26_options_sf&quot;,return)</favourite>
	<favourite name="Vevo" thumb="special://home/addons/plugin.video.myvevo/icon.png">ActivateWindow(10025,&quot;plugin://plugin.video.myvevo/?mode=GD&amp;url=https%3A%2F%2Fapiv2.vevo.com%2Fsearch%3fq%3d$INFO[Skin.String(MusicSearch)]%26Limit%3d25%26videosLimit%3d25%26skippedVideos%3d0%26token%3d%s&amp;sf_options=fanart%3Dspecial%3A%2F%2Fhome%2Faddons%2Fplugin.video.myvevo%2Ffanart.jpg&amp;desc%3DSearch+Vevo.com+with+query:+$INFO[Skin.String(MusicSearch)]%26_options_sf&quot;,return)</favourite>
	<favourite name="Vevo TV" thumb="special://home/addons/plugin.video.vevo_tv/icon.png">ActivateWindow(12000,&quot;plugin://plugin.video.vevo_tv/?mode=addArtistChannel&amp;shuffled=false&amp;name=$INFO[Skin.String(MusicSearch)]&amp;f_options=fanart%3Dhttp%3A%2F%2Fdapacage.com%2Fwp-content%2Fuploads%2F2014%2F10%2Fvevo.jpg&amp;desc%3DSearch+Vevo+TV+with+query:+$INFO[Skin.String(MusicSearch)]%26_options_sf&quot;,return)</favourite>
</favourites>