<favourites>
	<favourite name="1Channel TV" thumb="special://home/addons/plugin.video.1channel/icon.png">ActivateWindow(10025,&quot;plugin://plugin.video.1channel/?mode=Search&amp;section=tv&amp;query=$INFO[Skin.String(ShowSearch)]&amp;sf_options=fanart%3Dspecial%3A%2F%2Fhome%2Faddons%2Fplugin.video.1channel%2Ffanart.jpg&amp;desc%3DSearch+for+TVShows+on+Primewire.ag+with+query:+$INFO[Skin.String(ShowSearch)]%26_options_sf&quot;,return)</favourite>
	<favourite name="123Movies TVShows" thumb="special://home/addons/plugin.video.md123movies/icon.png">ActivateWindow(10025,&quot;plugin://plugin.video.md123movies/?description&amp;iconimage=&amp;mode=8&amp;name=$INFO[Skin.String(ShowSearch)]&amp;url=url&amp;query=$INFO[Skin.String(ShowSearch)]&amp;type=tv&amp;sf_options=fanart%3Dspecial%3A%2F%2Fhome%2Faddons%2Fplugin.video.md123movies%2Ffanart.jpg&amp;desc%3DSearch+for+TVShows+on+123Movies+with+query:+$INFO[Skin.String(ShowSearch)]%26_options_sf&quot;,return)</favourite>
	<favourite name="9Movies TVShows" thumb="special://home/addons/plugin.video.md9movies/icon.png">ActivateWindow(10025,&quot;plugin://plugin.video.md9movies/?description&amp;iconimage=&amp;mode=2&amp;name=$INFO[Skin.String(ShowSearch)]&amp;url=http%3A%2F%2F9movies.to%2Fsearch%3Fkeyword%3D$INFO[Skin.String(ShowSearch)]&amp;sf_options=fanart%3Dspecial%3A%2F%2Fhome%2Faddons%2Fplugin.video.md9movies%2Ffanart.jpg&amp;desc%3DSearch+for+TVShows+on+9Movies+with+query:+$INFO[Skin.String(ShowSearch)]%26_options_sf&quot;,return)</favourite>
	<favourite name=".F.U.B.A.R." thumb="special://home/addons/plugin.video.mdfubar/icon.png">ActivateWindow(10025,&quot;plugin://plugin.video.mdfubar/?description&amp;iconimage&amp;mode=9&amp;name=&amp;query=$INFO[Skin.String(ShowSearch)]&amp;type=&amp;level=5&amp;url=url&amp;sf_options=fanart%3Dspecial%3A%2F%2Fhome%2Faddons%2Fplugin.video.mdfubar%2Ffanart.jpg&amp;desc%3DSearch+.F.U.B.A.R.+with+query:+$INFO[Skin.String(ShowSearch)]%26_options_sf&quot;,return)</favourite>
	<favourite name="Exodus TV" thumb="special://home/addons/plugin.video.exodus/icon.png">ActivateWindow(10025,&quot;plugin://plugin.video.exodus/?action=tvSearch&amp;query=$INFO[Skin.String(ShowSearch)]&amp;sf_options=fanart%3Dspecial%3A%2F%2Fhome%2Faddons%5Cscript.exodus.artwork%5Cresources%5Cmedia%5Cexodus%5Cfanart.jpg%26_options_sf&quot;,return)</favourite>
	<favourite name="Genesis TV" thumb="special://home/addons/plugin.video.genesis/icon.png">ActivateWindow(10025,&quot;plugin://plugin.video.genesis/?action=tvSearch&amp;query=$INFO[Skin.String(ShowSearch)]&amp;sf_options=fanart%3Dspecial%3A%2F%2Fhome%2Faddons%2Fplugin.video.genesis%2Ffanart.jpg&amp;desc%3DSearch+for+TVShow+on+Genesis+with+query:+$INFO[Skin.String(ShowSearch)]%26_options_sf&quot;,return)</favourite>
	<favourite name="Icefilms" thumb="special://home/addons/plugin.video.icefilms/icon.png">ActivateWindow(10025,&quot;plugin://plugin.video.icefilms/?mode=5555&amp;name=Search&amp;url=http%3A%2F%2Fwww.icefilms.info%2F&amp;nextPage=0&amp;search=$INFO[Skin.String(ShowSearch)]&amp;sf_options=fanart%3Dspecial%3A%2F%2Fhome%2Faddons%2Fplugin.video.icefilms%2Ffanart.jpg&amp;desc%3DSearch+Icefilms.info+with+query:+$INFO[Skin.String(ShowSearch)]%26_options_sf&quot;,return)</favourite>
	<favourite name="iSTREAM TV Shows" thumb="special://home/addons/script.icechannel/icon.png">ActivateWindow(10025,&quot;plugin://script.icechannel/?indexer=tv_shows&amp;indexer_id&amp;mode=search&amp;search_term=$INFO[Skin.String(ShowSearch)]&amp;section=search&amp;type=tv_shows&amp;sf_options=fanart%3Dspecial%3A%2F%2Fhome%2Faddons%2Fscript.icechannel%2Ffanart.jpg&amp;desc%3DSearch+for+TV+Show+on+iSTREAM+with+query:+$INFO[Skin.String(ShowSearch)]%26_options_sf&quot;,return)</favourite>
	<favourite name="MD.Watchseries" thumb="special://home/addons/plugin.video.mdws/icon.png">ActivateWindow(10025,&quot;plugin://plugin.video.mdws/?mode=12&amp;name=&amp;url=$INFO[Skin.String(ShowSearch)]&amp;sf_options=fanart%3Dspecial%3A%2F%2Fhome%2Faddons%2Fplugin.video.mdws%2Ffanart.jpg&amp;desc%3DSearch+MD.Watchseries+with+query:+$INFO[Skin.String(ShowSearch)]%26_options_sf&quot;,return)</favourite>
	<favourite name="PFTV Movies" thumb="special://home/addons/plugin.video.projectfreetv/icon.png">ActivateWindow(10025,&quot;plugin://plugin.video.projectfreetv/?mode=search&amp;section=movies&amp;name=$INFO[Skin.String(ShowSearch)]&amp;sf_options=fanart%3Dspecial%3A%2F%2Fhome%2Faddons%2Fplugin.video.projectfreetv%2Ffanart.jpg&amp;desc%3DSearch+for+Movies+on+Project+Free+TV+with+query:+$INFO[Skin.String(ShowSearch)]%26_options_sf&quot;,return)</favourite>
	<favourite name="Phoenix" thumb="special://home/addons/plugin.video.phstreams/icon.png">ActivateWindow(10025,&quot;plugin://plugin.video.phstreams/?action=searchDirectory2&amp;audio=0&amp;content=0&amp;fanart=special%3A%2F%2Fhome%2Faddons%2Fplugin.video.phstreams%2Ffanart.jpg&amp;image=special%3A%2F%2Fhome%2Faddons%2Fplugin.video.phstreams%2Ficon.png&amp;name=$INFO[Skin.String(ShowSearch)]&amp;playable=false&amp;tvshow=0&amp;url=$INFO[Skin.String(ShowSearch)]&amp;sf_options=fanart%3Dspecial%3A%2F%2Fhome%2Faddons%2Fplugin.video.phstreams%2Ffanart.jpg&amp;desc%3DSearch+Phoenix+with+query:+$INFO[Skin.String(ShowSearch)]%26_options_sf&quot;,return)</favourite>
	<favourite name="PubFilms" thumb="special://home/addons/plugin.video.mdpubfilm/icon.png">ActivateWindow(10025,&quot;plugin://plugin.video.mdpubfilm/?description&amp;iconimage=&amp;mode=1&amp;name=&amp;url=http%3A%2F%2Fpubfilm.com%2F%3Fs%3D$INFO[Skin.String(ShowSearch)]&amp;sf_options=fanart%3Dspecial%3A%2F%2Fhome%2Faddons%2Fplugin.video.mdpubfilm%2Ffanart.jpg&amp;desc%3DSearch+Pubfilms+with+query:+$INFO[Skin.String(ShowSearch)]%26_options_sf&quot;,return)</favourite>
	<favourite name="Pulsar TV Shows" thumb="special://home/addons/plugin.video.pulsar/icon.png">ActivateWindow(10025,&quot;plugin://plugin.video.pulsar/shows/search?q=$INFO[Skin.String(ShowSearch)]&amp;sf_options=fanart%3Dspecial%3A%2F%2Fhome%2Faddons%2Fplugin.video.pulsar%2Ffanart.jpg&amp;desc%3DSearch+for+TVShow+on+Pulsar+with+query:+$INFO[Skin.String(ShowSearch)]%26_options_sf&quot;,return)</favourite>
	<favourite name="SALTS TV Shows" thumb="special://home/addons/plugin.video.salts/icon.png">ActivateWindow(10025,&quot;plugin://plugin.video.salts/?query=$INFO[Skin.String(ShowSearch)]&amp;section=TV&amp;mode=search_results&amp;sf_options=fanart%3Dspecial%3A%2F%2Fhome%2Faddons%2Fplugin.video.salts%2Ffanart.jpg&amp;desc%3DSearch+for+TVShows+on+Stream+All+The+Sources+with+query:+$INFO[Skin.String(ShowSearch)]%26_options_sf&quot;,return)</favourite>
	<favourite name="Salts HD Lite TV Shows" thumb="special://home/addons/plugin.video.saltshd.lite/icon.png">ActivateWindow(10025,&quot;plugin://plugin.video.saltshd.lite/?query=$INFO[Skin.String(ShowSearch)]&amp;section=TV&amp;mode=search_results&amp;sf_options=fanart%3Dspecial%3A%2F%2Fhome%2Faddons%2Fplugin.video.salts%2Ffanart.jpg&amp;desc%3DSearch+for+TVShows+on+Stream+All+The+Sources+with+query:+$INFO[Skin.String(ShowSearch)]%26_options_sf&quot;,return)</favourite>
	<favourite name="Specto TV" thumb="special://home/addons/plugin.video.specto/icon.png">ActivateWindow(10025,&quot;plugin://plugin.video.specto/?action=tvSearch&amp;query=$INFO[Skin.String(ShowSearch)]&amp;sf_options=fanart%3Dspecial%3A%2F%2Fhome%2Faddons%2Fplugin.video.specto%2Ffanart.jpg&amp;desc%3DSearch+for+TVShow+on+Specto+with+query:+$INFO[Skin.String(ShowSearch)]%26_options_sf&quot;,return)</favourite>
	<favourite name="Velocity TVShows" thumb="special://home/addons/plugin.video.velocity/icon.png">ActivateWindow(10025,&quot;plugin://plugin.video.velocity/?media&amp;movie_title&amp;name&amp;thumb=&amp;trakt_id&amp;url=$INFO[Skin.String(ShowSearch)]&amp;mode=trakt_search_shows&quot;,return)</favourite>
	<favourite name="XBMCtorrent" thumb="special://home/addons/plugin.video.xbmctorrent/icon.png">ActivateWindow(10025,&quot;plugin://plugin.video.xbmctorrent/tpb/search?query=$INFO[Skin.String(ShowSearch)]&amp;sf_options=fanart%3Dspecial%3A%2F%2Fhome%2Faddons%2Fplugin.video.xbmctorrent%2Ffanart.jpg&amp;desc%3DSearch+XBMCTorrent+with+query:+$INFO[Skin.String(ShowSearch)]%26_options_sf&quot;,return)</favourite>
</favourites>