<?xml version="1.0" encoding="UTF-8" standalone="yes"?>
<addon id="plugin.audio.binaural" name="Bin@ural" version="0" provider-name="Kinkin, art by Christara">
    <requires>
        <import addon="xbmc.python" version="2.1.0"/>
        <import addon="script.module.requests" version="1.1.0"/>
        <import addon="script.module.t0mm0.common" version="1.1.0"/>
        <import addon="plugin.video.youtube"/>
    </requires>
    <extension point="xbmc.python.pluginsource"
               	library="default.py">
        <provides>audio video</provides>
    </extension>
    <extension point="xbmc.addon.metadata">
        <platform>all</platform>
        <summary>Audio and Video Music Streaming</summary>
        <description>If you're seeing this message it means the add-on is still updating, please wait for the update process to complete.</description>
    </extension>
	
</addon>
