<?xml version="1.0" encoding="UTF-8"?>
<includes>
  <include name="Horizontal_Shelf_Commons">
    <posx>40</posx>
    <width>1940</width>
    <height>345</height>
    <onup>9001</onup>
    <onback>300</onback>
    <movement>7</movement>
  </include>
  <include name="Horizontal_Label_Commons">
    <posx>48</posx>
    <width>1300</width>
  </include>
  <include name="Horizontal_Home_Layout">
    <control type="group" description="HORIZONTAL HOME">
      <control type="group" id="700">
      <include condition="Skin.HasSetting(Shelf.Delay)">Shelf_Delay</include>
        <posy>-105</posy>
        <control type="image" description="RA BG XBMC only">
        <visible>!Skin.HasSetting(plexbmc) + [Control.IsVisible(111) | Control.IsVisible(211) | Control.IsVisible(212) | [Control.IsVisible(311) + !Control.IsVisible(312)] | [!Control.IsVisible(311) + Control.IsVisible(312)] | [Control.IsVisible(411) + !Control.IsVisible(413)] | [!Control.IsVisible(411) + Control.IsVisible(413)] | [Control.IsVisible(511) + !Control.IsVisible(513)] | [!Control.IsVisible(511) + Control.IsVisible(513)] | [Control.IsVisible(514) + !Control.IsVisible(515)] | [!Control.IsVisible(514) + Control.IsVisible(515)] | Control.IsVisible(412) | Control.IsVisible(512)]</visible>
        <posx>0</posx>
          <posy>345</posy>
          <width>1920</width>
          <height>390</height>
          <texture border="0,40,0,40">home/OverlayRA2.png</texture>
      </control>
      <control type="image" description="RA BG 2 XBMC only">
        <visible>!Skin.HasSetting(plexbmc) + [[Control.IsVisible(311) + Control.IsVisible(312)] | [Control.IsVisible(411) + Control.IsVisible(413)] | [Control.IsVisible(511) + Control.IsVisible(513)] | [Control.IsVisible(514) + Control.IsVisible(515)]]</visible>
        <posx>0</posx>
          <posy>183</posy>
          <width>1920</width>
          <height>720</height>
          <texture border="0,40,0,40">home/OverlayRA2.png</texture>
      </control>
	  <control type="image" description="RA BG Plexbmc only">
        <visible>Skin.HasSetting(plexbmc) + [Control.IsVisible(111) | Control.IsVisible(211) | Control.IsVisible(212) | [IntegerGreaterThan(Container(311).NumItems,0) + !IntegerGreaterThan(Container(312).NumItems,0)] | [!IntegerGreaterThan(Container(311).NumItems,0) + IntegerGreaterThan(Container(312).NumItems,0)] | [IntegerGreaterThan(Container(411).NumItems,0) + !IntegerGreaterThan(Container(413).NumItems,0)] | [!IntegerGreaterThan(Container(411).NumItems,0) + IntegerGreaterThan(Container(413).NumItems,0)] | Control.IsVisible(511) | Control.IsVisible(900) | Control.IsVisible(901)]</visible>
        <posx>0</posx>
          <posy>345</posy>
          <width>1920</width>
          <height>390</height>
          <texture border="0,40,0,40">home/OverlayRA2.png</texture>
      </control>
      <control type="image" description="RA BG 2 Plexbmc only">
        <visible>Skin.HasSetting(plexbmc) + [[IntegerGreaterThan(Container(311).NumItems,0) + IntegerGreaterThan(Container(312).NumItems,0)] | [IntegerGreaterThan(Container(411).NumItems,0) + IntegerGreaterThan(Container(413).NumItems,0)]]</visible>
        <posx>0</posx>
          <posy>183</posy>
          <width>1920</width>
          <height>720</height>
          <texture border="0,40,0,40">home/OverlayRA2.png</texture>
      </control>
        <include>RecentMovieContent</include>
        <include condition="!Skin.HasSetting(Hide.Favourites)">Favourite.List</include>
          <include condition="System.GetBool(pvrmanager.enabled)">PVR.List</include>
      <include condition="Skin.HasSetting(Shelf.Addons)">Addons.List</include>
      <include condition="!Skin.HasSetting(Hide.RecentlyAdded) + !Skin.HasSetting(plexbmc) + SubString(Window(Home).Property(SkinWidgets_RecentItems),t,left)">Recent.Movies.List</include>
      <include condition="!Skin.HasSetting(Hide.RecentlyAdded) + !Skin.HasSetting(plexbmc) + SubString(Window(Home).Property(SkinWidgets_RecentItems),t,left)">Recent.Concerts.List</include>
      <include condition="!Skin.HasSetting(Hide.RecentlyAdded) + !Skin.HasSetting(plexbmc) + SubString(Window(Home).Property(SkinWidgets_RecentItems),t,left)">Recent.Episodes.List</include>
      <include condition="!Skin.HasSetting(Hide.RecentlyAdded) + !Skin.HasSetting(plexbmc) + SubString(Window(Home).Property(SkinWidgets_RecentItems),t,left)">Recent.Albums.List</include>
      <include condition="!Skin.HasSetting(Hide.RecentlyAdded) + !Skin.HasSetting(plexbmc) + SubString(Window(Home).Property(SkinWidgets_RecentItems),t,left)">Recent.Clips.List</include>
      <include condition="!Skin.HasSetting(Hide.RecentlyAdded) + !Skin.HasSetting(plexbmc) + [SubString(Window(Home).Property(SkinWidgets_Recommended),t,left) | SubString(Window(Home).Property(SkinWidgets_RandomItems),t,left)]">Recommended.And.Random.Movies.List</include>
      <include condition="!Skin.HasSetting(Hide.RecentlyAdded) + !Skin.HasSetting(plexbmc) + SubString(Window(Home).Property(SkinWidgets_Recommended),t,left)">Recommended.Concerts.List</include>
      <include condition="!Skin.HasSetting(Hide.RecentlyAdded) + !Skin.HasSetting(plexbmc) + SubString(Window(Home).Property(SkinWidgets_Recommended),t,left)">Recommended.Episodes.List</include>
      <include condition="!Skin.HasSetting(Hide.RecentlyAdded) + !Skin.HasSetting(plexbmc) + SubString(Window(Home).Property(SkinWidgets_Recommended),t,left)">Recommended.Albums.List</include>
      <include condition="!Skin.HasSetting(Hide.RecentlyAdded) + Skin.HasSetting(plexbmc)">Plexbmc_Shelf</include>
      </control>
      <control type="group">
        <posy>250</posy>
        <control type="group" description="Furniture">
          <control type="image" description="Top glass border">
            <visible>Skin.HasSetting(Show_Library_Count)</visible>
            <animation effect="slide" tween="cubic" easing="inout" start="0,0" end="0,320" time="0" condition="[[[Container(300).HasFocus(13) | Container(300).HasFocus(14)] + Library.HasContent(MusicVideos)] | Container(300).HasFocus(4) | Container(300).HasFocus(5) | [Container(300).HasFocus(6) + Library.HasContent(music)]]">Conditional</animation>
            <animation effect="zoom" start="100,100" end="100,50" time="100" condition="true">Conditional</animation>
            <posx>0</posx>
            <posy>651</posy>
            <width>1920</width>
            <height>87</height>
            <texture border="0,0,0,12">home/NavbarGlass.png</texture>
          </control>
          <control type="image" description="Top glass border">
            <visible>!Skin.HasSetting(Show_Library_Count)</visible>
            <animation effect="zoom" start="100,100" end="100,50" time="100" condition="true">Conditional</animation>
            <posx>0</posx>
            <posy>651</posy>
            <width>1920</width>
            <height>87</height>
            <texture border="0,0,0,12">home/NavbarGlass.png</texture>
          </control>
          <!--<control type="image" description="Shelf BG">
            <visible>Skin.HasSetting(Shelf.Favourites) | Skin.HasSetting(Shelf.Addons) | !Skin.HasSetting(Hide.RecentlyAdded)</visible>
            <posx>760</posx>
            <posy>644</posy>
            <width>400</width>
            <height>50</height>
            <texture border="39,0,39,0">home/HomeTopNav2.png</texture>
          </control>
          <control type="button" description="Shelf label">
            <visible>Skin.HasSetting(Shelf.Favourites) | Skin.HasSetting(Shelf.Addons) | !Skin.HasSetting(Hide.RecentlyAdded)</visible>
            <posx>760</posx>
            <posy>644</posy>
            <width>400</width>
            <height>50</height>
            <textcolor>Grey</textcolor>
            <focusedcolor>Black</focusedcolor>
            <shadowcolor>Silver</shadowcolor>
            <align>center</align>
            <label>31976</label>
            <texturefocus></texturefocus>
            <texturenofocus></texturenofocus>
            <onclick>ActivateWindow(1112)</onclick>
          </control>-->
          <control type="image" description="Bottom glass border">
            <animation effect="zoom" start="100,100" end="100,50" time="100" condition="!IntegerGreaterThan(Container(9001).NumItems,0)">Conditional</animation>
            <posx>0</posx>
            <posy>787</posy>
            <width>1920</width>
            <height>87</height>
            <texture flipy="true" border="0,10,0,0">home/NavbarGlass2.png</texture>
          </control>
          <control type="image">
            <posx>0</posx>
            <posy>625</posy>
            <width>1920</width>
            <height>225</height>
            <texture flipy="true">home/HomeMenuBack3.png</texture>
          </control>
        </control>
        <control type="fixedlist" id="300" description="Main Bar">
          <animation effect="fade" time="200" start="100" end="25" reversible="true" condition="!Control.HasFocus(300)">Conditional</animation>
          <posx>-338</posx>
          <posy>689</posy>
          <width>3069</width>
          <height>225</height>
          <onleft>300</onleft>
          <onright>300</onright>
          <ondown>9001</ondown>
          <onup condition="Skin.HasSetting(Shelf.Favourites) | Skin.HasSetting(Shelf.Addons) | !Skin.HasSetting(Hide.RecentlyAdded)">700</onup>
          <pagecontrol>-</pagecontrol>
          <focusposition>2</focusposition>
          <movement>1</movement>
          <preloaditems>4</preloaditems>
          <orientation>horizontal</orientation>
          <itemlayout height="70" width="519">
            <control type="label">
              <posx>0</posx>
              <posy>0</posy>
              <width>519</width>
              <textcolor>Grey</textcolor>
              <shadowcolor>ShadowDark</shadowcolor>
              <height>70</height>
              <align>center</align>
              <aligny>top</aligny>
              <textoffsety>2</textoffsety>
			  <scroll>false</scroll>
              <label>$INFO[ListItem.Label]</label>
              <font>MainMenu</font>
            </control>
          </itemlayout>
          <focusedlayout height="70" width="519">
            <control type="label">
              <posx>0</posx>
              <posy>0</posy>
              <width>519</width>
              <textcolor>Highlight</textcolor>
              <shadowcolor>ShadowDark</shadowcolor>
              <height>70</height>
              <align>center</align>
              <aligny>top</aligny>
              <textoffsety>2</textoffsety>
              <label>$INFO[ListItem.Label]</label>
              <font>MainMenu</font>
            </control>
          </focusedlayout>
          <content>
            <include>Home.Main.Menu.Items</include>
          </content>
        </control>
        <control type="fixedlist" id="9001" description="Submenu Bar">
          <animation effect="slide" start="0,0" end="-128,0" time="0" condition="StringCompare(Container(9001).NumItems,2) | StringCompare(Container(9001).NumItems,4) | StringCompare(Container(9001).NumItems,6)">conditional</animation>
          <animation effect="fade" time="200" start="100" end="100" reversible="true" condition="!Control.HasFocus(9001)">Conditional</animation>
          <include>VisibleFadeEffect</include>
          <posx>64</posx>
          <posy>782</posy>
          <height>50</height>
          <width>1792</width>
          <onleft>9001</onleft>
          <onright>9001</onright>
          <viewtype>list</viewtype>
          <orientation>horizontal</orientation>
          <focusposition>3</focusposition>
          <movement>3</movement>
          <onup>300</onup>
          <onback>SetFocus(300)</onback>
          <ondown>700</ondown>
          <itemlayout width="256" height="50">
            <control type="label">
              <posx>3</posx>
              <posy>1</posy>
              <height>50</height>
              <width>250</width>
              <align>center</align>
              <aligny>center</aligny>
              <font>Sublist</font>
              <scroll>false</scroll>
              <label>$INFO[ListItem.Label]</label>
              <textcolor>Black</textcolor>
              <shadowcolor>-</shadowcolor>
            </control>
            <control type="label">
              <posx>3</posx>
              <posy>0</posy>
              <height>50</height>
              <width>250</width>
              <align>center</align>
              <aligny>center</aligny>
              <font>Sublist</font>
              <scroll>false</scroll>
              <label>$INFO[ListItem.Label]</label>
              <textcolor>Sublist</textcolor>
              <shadowcolor>-</shadowcolor>
            </control>
          </itemlayout>
          <focusedlayout width="256" height="50">
            <control type="label">
              <posx>3</posx>
              <posy>1</posy>
              <height>50</height>
              <width>250</width>
              <align>center</align>
              <aligny>center</aligny>
              <font>Sublist</font>
              <label>$INFO[ListItem.Label]</label>
              <textcolor>Black</textcolor>
              <shadowcolor>-</shadowcolor>
            </control>
            <control type="label">
              <visible>!Control.HasFocus(9001)</visible>
              <posx>3</posx>
              <posy>0</posy>
              <height>50</height>
              <width>250</width>
              <align>center</align>
              <aligny>center</aligny>
              <font>Sublist</font>
              <label>$INFO[ListItem.Label]</label>
              <textcolor>Sublist</textcolor>
              <shadowcolor>-</shadowcolor>
            </control>
            <control type="label">
              <visible>Control.HasFocus(9001)</visible>
              <posx>3</posx>
              <posy>0</posy>
              <height>50</height>
              <width>250</width>
              <align>center</align>
              <aligny>center</aligny>
              <font>Sublist</font>
              <label>$INFO[ListItem.Label]</label>
              <textcolor>White2</textcolor>
              <shadowcolor>-</shadowcolor>
            </control>
          </focusedlayout>
          <content>
            <include>Home.Submenu.Items</include>
            <include>Home.CustomSubmenu.Items</include>
          </content>
        </control>
      </control>
    </control>
  </include>
</includes>