<?xml version="1.0" encoding="UTF-8"?>
<addon id="plugin.video.mdws" name="MD.Watchseries" version="0" provider-name="Mucky Duck">
    <requires>
        <import addon="xbmc.python" version="2.1.0"/>
        <import addon="script.module.urlresolver"  version="2.1.2"/>
		<import addon="script.module.t0mm0.common" version="2.0.0"/>
		<import addon="repository.mdrepo"/>
    </requires>
    <extension point="xbmc.python.pluginsource" library="default.py">
        <provides>video</provides>
    </extension>
    <extension point="xbmc.addon.metadata">
        <summary>Enjoy Your Favourite Shows Online From Watchseries</summary>
        <description>If you're seeing this message it means the add-on is still updating, please wait for the update process to complete.</description>
        <platform>all</platform>
    </extension>
</addon>