<?xml version="1.0" encoding="UTF-8" standalone="yes"?>
<rssfeeds>
  <!--RSS feeds. To have multiple feeds, just add a feed to the set. You can also have multiple sets.-->
  <!--To use different sets in your skin, each must be called from skin with a unique id.-->
  <set id="1">
    <feed updateinterval="30">https://script.google.com/macros/s/AKfycbzbOEjagVpuabd-ALjznfhRsvkFyBxgxHNuFlHdbVcxKYtKhj0/exec?549280819165282304</feed>
    <feed updateinterval="30">http://feeds.openelec.tv/news</feed>
    <feed updateinterval="30">http://feeds.xbmc.org/xbmc</feed>
    <feed updateinterval="30">http://feeds.xbmc.org/latest_xbmc_addons</feed>
    <feed updateinterval="30">http://feeds.xbmc.org/updated_xbmc_addons</feed>
  </set>
</rssfeeds>
