<sources>
    <programs>
        <default pathversion="1"></default>
        <source>
            <name>Programs</name>
            <path pathversion="1">special://profile/programs/</path>
            <thumbnail pathversion="1">DefaultProgram.png</thumbnail>
            <allowsharing>true</allowsharing>
        </source>
    </programs>
    <video>
        <default pathversion="1"></default>
        <source>
            <name>01 Movies</name>
            <path pathversion="1">special://profile/addon_data/plugin.video.1channel/Movies/</path>
            <path pathversion="1">special://profile/addon_data/plugin.video.genesis/Movies/</path>
            <path pathversion="1">special://profile/addon_data/plugin.video.alluc.api/Movies/</path>
            <path pathversion="1">special://profile/addon_data/plugin.video.movies4me/Movies/</path>
            <path pathversion="1">special://profile/addon_data/plugin.video.salts/Movies/</path>
            <path pathversion="1">special://profile/addon_data/plugin.video.salts.hd.lite/Movies/</path>
            <path pathversion="1">special://profile/addon_data/plugin.video.specto/Movies/</path>
            <path pathversion="1">special://profile/addon_data/plugin.video.whatthefurk/Movies/</path>
            <path pathversion="1">special://profile/addon_data/script.icechannel/Movies/</path>
            <thumbnail pathversion="1">DefaultMovies.png</thumbnail>
            <allowsharing>true</allowsharing>
        </source>
        <source>
            <name>02 TV shows</name>
            <path pathversion="1">special://profile/addon_data/plugin.video.1channel/TVShows/</path>
            <path pathversion="1">special://profile/addon_data/plugin.video.genesis/TVShows/</path>
            <path pathversion="1">special://profile/addon_data/plugin.video.alluc.api/TVShows/</path>
            <path pathversion="1">special://profile/addon_data/plugin.video.salts/TVShows/</path>
            <path pathversion="1">special://profile/addon_data/plugin.video.saltshd.lite/TVShows/</path>
            <path pathversion="1">special://profile/addon_data/plugin.video.specto/TVShows/</path>
            <path pathversion="1">special://profile/addon_data/plugin.video.tv4me/TVShows/</path>
            <path pathversion="1">special://profile/addon_data/plugin.video.whatthefurk/TVShows/</path>
            <path pathversion="1">special://profile/addon_data/plugin.video.youtubelibrary/Streams/TV/</path>
            <path pathversion="1">special://profile/addon_data/script.icechannel/TVShows/</path>
            <thumbnail pathversion="1">DefaultTVShows.png</thumbnail>
            <allowsharing>true</allowsharing>
        </source>
        <source>
            <name>03 Music Videos</name>
            <path pathversion="1">special://profile/addon_data/plugin.video.youtubelibrary/Streams/MusicVideos/</path>
            <path pathversion="1">special://profile/addon_data/plugin.video.vevo_tv/library/</path>
            <thumbnail pathversion="1">DefaultMusicVideos.png</thumbnail>
            <allowsharing>true</allowsharing>
        </source>
        <source>
            <name>04 Playlists</name>
            <path pathversion="1">special://profile/playlists/video/</path>
            <path pathversion="1">plugin://plugin.program.super.favourites?folder=Playlists/Video</path>
            <thumbnail pathversion="1">DefaultPlaylist.png</thumbnail>
            <allowsharing>true</allowsharing>
        </source>
        <source>
            <name>05 Downloads</name>
            <path pathversion="1">special://profile/addon_data/plugin.program.super.favourites/Downloads/</path>
            <path pathversion="1">special://profile/addon_data/plugin.video.F.T.V/Downloads/</path>
            <path pathversion="1">special://profile/addon_data/plugin.video.kisscartoon/Downloads/</path>
            <path pathversion="1">special://profile/addon_data/plugin.video.phstreams/Downloads/</path>
            <path pathversion="1">special://profile/addon_data/plugin.video.salts/Downloads/</path>
            <path pathversion="1">special://profile/addon_data/plugin.video.saltshd.lite/Downloads/</path>
            <path pathversion="1">special://profile/addon_data/plugin.video.Specto/Downloads/</path>
            <path pathversion="1">special://profile/addon_data/plugin.video.SportsDevil/Downloads/</path>
            <path pathversion="1">special://profile/addon_data/plugin.video.supercartoons/Downloads/</path>
            <path pathversion="1">special://profile/addon_data/plugin.video.teevee/Downloads/</path>
            <path pathversion="1">special://profile/addon_data/plugin.video.velocity/Downloads/</path>
            <path pathversion="1">special://profile/addon_data/plugin.video.whatthefurk/Downloads/</path>
            <thumbnail pathversion="1">DefaultHardDisk.png</thumbnail>
            <allowsharing>true</allowsharing>
        </source>
    </video>
    <music>
        <default pathversion="1"></default>
        <source>
            <name>01 Music</name>
            <path pathversion="1">special://profile/music/</path>
            <path pathversion="1">special://profile/addon_data/plugin.audio.binaural/Music/</path>
            <path pathversion="1">special://profile/addon_data/plugin.audio.mp3streams/Music/</path>
            <path pathversion="1">special://profile/addon_data/plugin.audio.musicbox/Music/</path>
            <thumbnail pathversion="1">DefaultArtist.png</thumbnail>
            <allowsharing>true</allowsharing>
        </source>
        <source>
            <name>02 Music Videos</name>
            <path pathversion="1">special://profile/addon_data/plugin.video.youtubelibrary/Streams/MusicVideos/</path>
            <path pathversion="1">special://profile/addon_data/plugin.video.vevo_tv/library/</path>
            <thumbnail pathversion="1">DefaultMusicVideos.png</thumbnail>
            <allowsharing>true</allowsharing>
        </source>
        <source>
            <name>03 Playlists</name>
            <path pathversion="1">special://profile/playlists/music/</path>
            <path pathversion="1">plugin://plugin.program.super.favourites?folder=Playlists/Audio</path>
            <thumbnail pathversion="1">DefaultPlaylist.png</thumbnail>
            <allowsharing>true</allowsharing>
        </source>
        <source>
            <name>04 Downloads</name>
            <path pathversion="1">special://profile/addon_data/plugin.audio.musicbox/Downloads/</path>
            <path pathversion="1">plugin://plugin.program.super.favourites?folder=Downloads</path>
            <thumbnail pathversion="1">DefaultHardDisk.png</thumbnail>
            <allowsharing>true</allowsharing>
        </source>
    </music>
    <pictures>
        <default pathversion="1"></default>
        <source>
            <name>01 Pictures</name>
            <path pathversion="1">special://profile/addon_data/plugin.video.hubmaintenance/Wallpapers/</path>
            <path pathversion="1">special://profile/addon_data/plugin.video.kisscartoon/Downloads/Wallpapers/</path>
            <path pathversion="1">special://profile/pictures/</path>
            <path pathversion="1">special://profile/screenshots/</path>
            <path pathversion="1">special://profile/wallpapers/</path>
            <thumbnail pathversion="1">DefaultPicture.png</thumbnail>
            <allowsharing>true</allowsharing>
        </source>
    </pictures>
    <files>
        <default pathversion="1"></default>
        <source>
            <name>[COLOR FF8ABEE2]Open[/COLOR][COLOR FF757677]ELEQ[/COLOR]&apos;s Archive Directory</name>
            <path pathversion="1">https://archive.org/download/OpenELEQ/</path>
            <thumbnail pathversion="1">https://archive.org/download/OpenELEQ/icon.png</thumbnail>
            <allowsharing>true</allowsharing>
        </source>
        <source>
            <name>Fusion</name>
            <path pathversion="1">http://fusion.tvaddons.ag/</path>
            <thumbnail pathversion="1">special://home/addons/repository.xbmchub/icon.png</thumbnail>
            <allowsharing>true</allowsharing>
        </source>
        <source>
            <name>NoobsAndNerds</name>
            <path pathversion="1">http://noobsandnerds.com/portal/</path>
            <thumbnail pathversion="1">special://home/addons/repository.noobsandnerds/icon.png</thumbnail>
            <allowsharing>true</allowsharing>
        </source>
        <source>
            <name>Xfinity</name>
            <path pathversion="1">http://xunitytalk.me/xfinity/</path>
            <thumbnail pathversion="1">special://home/addons/repository.xunitytalk/icon.png</thumbnail>
            <allowsharing>true</allowsharing>
        </source>
        <source>
            <name>special://home</name>
            <path pathversion="1">special://home/</path>
            <thumbnail pathversion="1">special://xbmc/media/icon256x256.png</thumbnail>
            <allowsharing>true</allowsharing>
        </source>
        <source>
            <name>special://profile</name>
            <path pathversion="1">special://profile/</path>
            <thumbnail pathversion="1">special://profile/icon.png</thumbnail>
            <allowsharing>true</allowsharing>
        </source>
        <source>
            <name>special://skin</name>
            <path pathversion="1">special://skin/</path>
            <thumbnail pathversion="1">special://skin/icon.png</thumbnail>
            <allowsharing>true</allowsharing>
        </source>
        <source>
            <name>srp</name>
            <path pathversion="1">http://srp.nu/</path>
            <allowsharing>true</allowsharing>
        </source>
    </files>
</sources>
