<?xml version="1.0" encoding="UTF-8"?>
<addon id="plugin.video.alluc.api" name="Alluc" version="0" provider-name="DudeHere">
    <requires>
        <import addon="xbmc.python" version="2.1.0" />
        <import addon="script.module.beautifulsoup" />
        <import addon="script.module.dudehere.routines" />
        <import addon="script.module.metahandler" version="2.2.0" />
        <import addon="script.module.addon.common" version="2.0.0" />
        <import addon="script.module.myconnpy" version="0.3.2" />
        <import addon="script.module.urlresolver" version="1.1.6" />
    </requires>
    <extension library="default.py" point="xbmc.python.pluginsource">
        <provides>video</provides>
    </extension>
    <extension library="service.py" point="xbmc.service" start="startup" />
    <extension point="xbmc.addon.metadata">
        <platform>all</platform>
        <summary>I want my All-You-See!</summary>
        <description>If you're seeing this message it means the add-on is still updating, please wait for the update process to complete.</description>
    </extension>
</addon>
