<?xml version="1.0" encoding="UTF-8"?>
<window id="1103" type="dialog">
	<allowoverlay>no</allowoverlay>
	<defaultcontrol always="true">9000</defaultcontrol>
	<coordinates>
		<system>1</system>
		<left>0</left>
		<top>0</top>
	</coordinates>
	<controls>
		<control type="button" id="9001">
			<description>Make sure we hit the first button in the group list and not the close window button</description>
			<left>-16</left>
			<top>-16</top>
			<width>4</width>
			<height>4</height>
			<label>-</label>
			<font>-</font>
			<onfocus>down</onfocus>
			<texturefocus>-</texturefocus>
			<texturenofocus>-</texturenofocus>
			<onleft>9000</onleft>
			<onright>9000</onright>
			<onup>9000</onup>
			<ondown>2</ondown>
		</control>
		<control type="grouplist" id="9000">
			<left>495</left>
			<top>0</top>
			<width>290</width>
			<height>720</height>
			<onleft>9000</onleft>
			<onright>9000</onright>
			<onup>9000</onup>
			<ondown>9000</ondown>
			<itemgap>0</itemgap>
			<align>center</align>
			<control type="group" id="1">
				<width>290</width>
				<height>30</height>
				<control type="image">
					<description>background top image</description>
					<left>0</left>
					<top>0</top>
					<width>290</width>
					<height>30</height>
					<texture border="20,19,20,0">DialogContextTop.png</texture>
				</control>
				<control type="button" id="22">
					<description>Close Window button</description>
					<left>260</left>
					<top>5</top>
					<width>64</width>
					<height>32</height>
					<label>-</label>
					<font>-</font>
					<onclick>PreviousMenu</onclick>
					<texturefocus>DialogCloseButton-focus.png</texturefocus>
					<texturenofocus>DialogCloseButton.png</texturenofocus>
					<onleft>2</onleft>
					<onright>11</onright>
					<onup>11</onup>
					<ondown>2</ondown>
					<visible>false</visible>
				</control>
			</control>
			<control type="button" id="2">
				<description>VPNBook CA1</description>
				<width>290</width>
				<height>40</height>
				<textcolor>grey2</textcolor>
				<focusedcolor>white</focusedcolor>
				<align>center</align>
				<textwidth>240</textwidth>
				<texturefocus border="25,5,25,5">ShutdownButtonFocus.png</texturefocus>
				<texturenofocus border="25,5,25,5">ShutdownButtonNoFocus.png</texturenofocus>
				<onclick>dialog.close(all,true)</onclick>
				<onclick>ActivateWindow(2221)</onclick>
				<pulseonselect>no</pulseonselect>
				<font>font13</font>
				<label>CA1</label>
				<visible>System.Platform.Linux</visible>
			</control>
			<control type="button" id="3">
				<description>VPNBook DE1</description>
				<width>290</width>
				<height>40</height>
				<textcolor>grey2</textcolor>
				<focusedcolor>white</focusedcolor>
				<align>center</align>
				<textwidth>240</textwidth>
				<texturefocus border="25,5,25,5">ShutdownButtonFocus.png</texturefocus>
				<texturenofocus border="25,5,25,5">ShutdownButtonNoFocus.png</texturenofocus>
				<onclick>dialog.close(all,true)</onclick>
				<onclick>ActivateWindow(2222)</onclick>
				<pulseonselect>no</pulseonselect>
				<font>font13</font>
				<label>DE1</label>
				<visible>System.Platform.Linux</visible>
			</control>
			<control type="button" id="4">
				<description>VPNBook EURO1</description>
				<width>290</width>
				<height>40</height>
				<textcolor>grey2</textcolor>
				<focusedcolor>white</focusedcolor>
				<align>center</align>
				<textwidth>240</textwidth>
				<texturefocus border="25,5,25,5">ShutdownButtonFocus.png</texturefocus>
				<texturenofocus border="25,5,25,5">ShutdownButtonNoFocus.png</texturenofocus>
				<onclick>dialog.close(all,true)</onclick>
				<onclick>ActivateWindow(2223)</onclick>
				<pulseonselect>no</pulseonselect>
				<font>font13</font>
				<label>EURO1</label>
				<visible>System.Platform.Linux</visible>
			</control>
			<control type="button" id="5">
				<description>VPNBook EURO2</description>
				<width>290</width>
				<height>40</height>
				<textcolor>grey2</textcolor>
				<focusedcolor>white</focusedcolor>
				<align>center</align>
				<textwidth>240</textwidth>
				<texturefocus border="25,5,25,5">ShutdownButtonFocus.png</texturefocus>
				<texturenofocus border="25,5,25,5">ShutdownButtonNoFocus.png</texturenofocus>
				<onclick>dialog.close(all,true)</onclick>
				<onclick>ActivateWindow(2224)</onclick>
				<pulseonselect>no</pulseonselect>
				<font>font13</font>
				<label>EURO2</label>
				<visible>System.Platform.Linux</visible>
			</control>
			<control type="button" id="6">
				<description>VPNBook US1</description>
				<width>290</width>
				<height>40</height>
				<textcolor>grey2</textcolor>
				<focusedcolor>white</focusedcolor>
				<align>center</align>
				<textwidth>240</textwidth>
				<texturefocus border="25,5,25,5">ShutdownButtonFocus.png</texturefocus>
				<texturenofocus border="25,5,25,5">ShutdownButtonNoFocus.png</texturenofocus>
				<onclick>dialog.close(all,true)</onclick>
				<onclick>ActivateWindow(2225)</onclick>
				<pulseonselect>no</pulseonselect>
				<font>font13</font>
				<label>US1</label>
				<visible>System.Platform.Linux</visible>
			</control>
			<control type="button" id="7">
				<description>VPNBook US2</description>
				<width>290</width>
				<height>40</height>
				<textcolor>grey2</textcolor>
				<focusedcolor>white</focusedcolor>
				<align>center</align>
				<textwidth>240</textwidth>
				<texturefocus border="25,5,25,5">ShutdownButtonFocus.png</texturefocus>
				<texturenofocus border="25,5,25,5">ShutdownButtonNoFocus.png</texturenofocus>
				<onclick>dialog.close(all,true)</onclick>
				<onclick>ActivateWindow(2226)</onclick>
				<pulseonselect>no</pulseonselect>
				<font>font13</font>
				<label>US2</label>
				<visible>System.Platform.Linux</visible>
			</control>
			<control type="button" id="8">
				<description>Check IP Online</description>
				<width>290</width>
				<height>40</height>
				<textcolor>grey2</textcolor>
				<focusedcolor>white</focusedcolor>
				<align>center</align>
				<textwidth>240</textwidth>
				<texturefocus border="25,5,25,5">ShutdownButtonFocus.png</texturefocus>
				<texturenofocus border="25,5,25,5">ShutdownButtonNoFocus.png</texturenofocus>
				<onclick>dialog.close(all,true)</onclick>
				<onclick>System.Exec(special://home/addons/skin.qonfluence/scripts/CheckIPOnline.sh)</onclick>
				<pulseonselect>no</pulseonselect>
				<font>font13</font>
				<label>Check IP Online</label>
				<visible>System.Platform.Linux</visible>
			</control>
			<control type="button" id="9">
				<description>Check Connection From Log</description>
				<width>290</width>
				<height>40</height>
				<textcolor>grey2</textcolor>
				<focusedcolor>white</focusedcolor>
				<align>center</align>
				<textwidth>240</textwidth>
				<texturefocus border="25,5,25,5">ShutdownButtonFocus.png</texturefocus>
				<texturenofocus border="25,5,25,5">ShutdownButtonNoFocus.png</texturenofocus>
				<onclick>dialog.close(all,true)</onclick>
				<onclick>System.Exec(special://home/addons/skin.qonfluence/scripts/CheckConnectionLog.sh)</onclick>
				<pulseonselect>no</pulseonselect>
				<font>font13</font>
				<label>Check Connection Log</label>
				<visible>System.Platform.Linux</visible>
			</control>
			<control type="button" id="10">
				<description>Disconnect All</description>
				<width>290</width>
				<height>40</height>
				<textcolor>grey2</textcolor>
				<focusedcolor>white</focusedcolor>
				<align>center</align>
				<textwidth>240</textwidth>
				<texturefocus border="25,5,25,5">ShutdownButtonFocus.png</texturefocus>
				<texturenofocus border="25,5,25,5">ShutdownButtonNoFocus.png</texturenofocus>
				<onclick>dialog.close(all,true)</onclick>
				<onclick>System.Exec(special://home/addons/skin.qonfluence/scripts/VPNKillAll.sh)</onclick>
				<pulseonselect>no</pulseonselect>
				<font>font13</font>
				<label>$LOCALIZE[32035] $LOCALIZE[32022]</label>
				<visible>System.Platform.Linux</visible>
			</control>
			<control type="image" id="11">
				<description>background bottom image</description>
				<left>0</left>
				<width>290</width>
				<height>25</height>
				<texture border="20,0,19,20">DialogContextBottom.png</texture>
			</control>
		</control>
	</controls>
</window>
