<settings>
    <audiocds>
        <autoaction>2</autoaction>
        <ejectonrip default="true">true</ejectonrip>
        <encoder default="true">audioencoder.xbmc.builtin.wav</encoder>
        <recordingpath>special://profile/music/</recordingpath>
        <trackpathformat default="true">%A/%A - %B/[%N. ][%A - ]%T</trackpathformat>
        <usecddb default="true">true</usecddb>
    </audiocds>
    <audiooutput>
        <ac3passthrough default="true">true</ac3passthrough>
        <ac3transcode default="true">false</ac3transcode>
        <audiodevice default="true">DIRECTSOUND:default</audiodevice>
        <channels default="true">1</channels>
        <config default="true">2</config>
        <dtshdpassthrough default="true">false</dtshdpassthrough>
        <dtspassthrough default="true">false</dtspassthrough>
        <eac3passthrough default="true">false</eac3passthrough>
        <guisoundmode default="true">1</guisoundmode>
        <maintainoriginalvolume default="true">true</maintainoriginalvolume>
        <passthrough default="true">false</passthrough>
        <passthroughdevice default="true">DIRECTSOUND:default</passthroughdevice>
        <processquality>50</processquality>
        <samplerate default="true">48000</samplerate>
        <stereoupmix default="true">false</stereoupmix>
        <streamsilence default="true">1</streamsilence>
        <truehdpassthrough default="true">false</truehdpassthrough>
    </audiooutput>
    <cache>
        <harddisk default="true">256</harddisk>
    </cache>
    <cacheaudio>
        <dvdrom default="true">256</dvdrom>
        <internet default="true">256</internet>
        <lan default="true">256</lan>
    </cacheaudio>
    <cachedvd>
        <dvdrom default="true">2048</dvdrom>
        <lan default="true">2048</lan>
    </cachedvd>
    <cacheunknown>
        <internet default="true">4096</internet>
    </cacheunknown>
    <cachevideo>
        <dvdrom default="true">2048</dvdrom>
        <internet default="true">4096</internet>
        <lan default="true">2048</lan>
    </cachevideo>
    <debug>
        <extralogging default="true">false</extralogging>
        <screenshotpath default="true"></screenshotpath>
        <setextraloglevel default="true"></setextraloglevel>
        <showloginfo default="true">false</showloginfo>
    </debug>
    <disc>
        <playback>2</playback>
    </disc>
    <dvds>
        <automenu>true</automenu>
        <autorun>true</autorun>
        <playerregion default="true">0</playerregion>
    </dvds>
    <epg>
        <daystodisplay default="true">3</daystodisplay>
        <epgupdate>2880</epgupdate>
        <hidenoinfoavailable default="true">true</hidenoinfoavailable>
        <ignoredbforclient default="true">false</ignoredbforclient>
        <preventupdateswhileplayingtv>true</preventupdateswhileplayingtv>
        <selectaction default="true">2</selectaction>
    </epg>
    <filelists>
        <allowfiledeletion>true</allowfiledeletion>
        <ignorethewhensorting default="true">true</ignorethewhensorting>
        <showaddsourcebuttons default="true">true</showaddsourcebuttons>
        <showextensions>false</showextensions>
        <showhidden>true</showhidden>
        <showparentdiritems>false</showparentdiritems>
    </filelists>
    <general>
        <addonbrokenfilter default="true">true</addonbrokenfilter>
        <addonforeignfilter default="true">false</addonforeignfilter>
        <addonnotifications default="true">true</addonnotifications>
        <addonupdates default="true">0</addonupdates>
        <systemtotaluptime>0</systemtotaluptime>
        <settinglevel>1</settinglevel>
    </general>
    <input>
        <enablejoystick default="true">true</enablejoystick>
        <enablemouse>false</enablemouse>
    </input>
    <karaoke>
        <autopopupselector>true</autopopupselector>
        <charset default="true">DEFAULT</charset>
        <enabled>true</enabled>
        <font default="true">arial.ttf</font>
        <fontcolors default="true">0</fontcolors>
        <fontheight default="true">36</fontheight>
    </karaoke>
    <locale>
        <audiolanguage>default</audiolanguage>
        <charset default="true">DEFAULT</charset>
        <country default="true">USA (12h)</country>
        <keyboardlayouts>English ABC|English AZERTY|English QWERTY</keyboardlayouts>
        <language default="true">English</language>
        <subtitlelanguage default="true">original</subtitlelanguage>
        <timezone default="true">default</timezone>
        <timezonecountry default="true">default</timezonecountry>
    </locale>
    <lookandfeel>
        <enablerssfeeds default="true">true</enablerssfeeds>
        <font default="true">Default</font>
        <rssedit default="true"></rssedit>
        <skin>skin.qonfluence</skin>
        <skincolors default="true">SKINDEFAULT</skincolors>
        <skintheme default="true">SKINDEFAULT</skintheme>
        <skinzoom default="true">0</skinzoom>
        <soundskin default="true">SKINDEFAULT</soundskin>
        <startupwindow default="true">10000</startupwindow>
    </lookandfeel>
    <masterlock>
        <maxretries default="true">3</maxretries>
        <startuplock default="true">false</startuplock>
    </masterlock>
    <musicfiles>
        <findremotethumbs default="true">true</findremotethumbs>
        <librarytrackformat default="true"></librarytrackformat>
        <librarytrackformatright default="true"></librarytrackformatright>
        <nowplayingtrackformat default="true"></nowplayingtrackformat>
        <nowplayingtrackformatright default="true"></nowplayingtrackformatright>
        <trackformat default="true">[%N. ]%A - %T</trackformat>
        <trackformatright default="true">%D</trackformatright>
        <usetags default="true">true</usetags>
    </musicfiles>
    <musiclibrary>
        <albumsscraper default="true">metadata.album.universal</albumsscraper>
        <artistsscraper default="true">metadata.artists.universal</artistsscraper>
        <backgroundupdate default="true">false</backgroundupdate>
        <downloadinfo>true</downloadinfo>
        <enabled default="true">true</enabled>
        <overridetags default="true">false</overridetags>
        <showcompilationartists default="true">true</showcompilationartists>
        <updateonstartup default="true">false</updateonstartup>
    </musiclibrary>
    <musicplayer>
        <autoplaynextitem default="true">true</autoplaynextitem>
        <crossfade>3</crossfade>
        <crossfadealbumtracks default="true">true</crossfadealbumtracks>
        <queuebydefault>true</queuebydefault>
        <replaygainavoidclipping default="true">false</replaygainavoidclipping>
        <replaygainnogainpreamp default="true">89</replaygainnogainpreamp>
        <replaygainpreamp default="true">89</replaygainpreamp>
        <replaygaintype default="true">1</replaygaintype>
        <visualisation>visualization.dxspectrum</visualisation>
    </musicplayer>
    <mymusic>
        <defaultlibview default="true"></defaultlibview>
        <songthumbinvis default="true">false</songthumbinvis>
        <startwindow default="true">10501</startwindow>
        <playlist>
            <repeat>false</repeat>
            <shuffle>false</shuffle>
        </playlist>
        <needsupdate>0</needsupdate>
    </mymusic>
    <myvideos>
        <extractflags default="true">true</extractflags>
        <extractthumb default="true">true</extractthumb>
        <flatten>true</flatten>
        <replacelabels default="true">true</replacelabels>
        <selectaction default="true">1</selectaction>
        <stackvideos default="true">false</stackvideos>
        <startwindow>10025</startwindow>
        <watchmodemovies>0</watchmodemovies>
        <watchmodetvshows>0</watchmodetvshows>
        <watchmodemusicvideos>0</watchmodemusicvideos>
        <playlist>
            <repeat>false</repeat>
            <shuffle>false</shuffle>
        </playlist>
        <needsupdate>0</needsupdate>
    </myvideos>
    <network>
        <bandwidth default="true">0</bandwidth>
        <httpproxypassword default="true"></httpproxypassword>
        <httpproxyport default="true">8080</httpproxyport>
        <httpproxyserver default="true"></httpproxyserver>
        <httpproxytype default="true">0</httpproxytype>
        <httpproxyusername default="true"></httpproxyusername>
        <usehttpproxy default="true">false</usehttpproxy>
    </network>
    <pictures>
        <displayresolution>16</displayresolution>
        <generatethumbs default="true">true</generatethumbs>
        <showvideos default="true">true</showvideos>
        <useexifrotation default="true">true</useexifrotation>
        <usetags default="true">true</usetags>
    </pictures>
    <powermanagement>
        <displaysoff default="true">0</displaysoff>
        <shutdownstate default="true">0</shutdownstate>
        <shutdowntime default="true">0</shutdowntime>
        <wakeonaccess default="true">false</wakeonaccess>
    </powermanagement>
    <pvrmanager>
        <backendchannelorder default="true">true</backendchannelorder>
        <enabled default="true">false</enabled>
        <hideconnectionlostwarning>true</hideconnectionlostwarning>
        <syncchannelgroups default="true">true</syncchannelgroups>
        <usebackendchannelnumbers default="true">false</usebackendchannelnumbers>
    </pvrmanager>
    <pvrmenu>
        <closechannelosdonswitch default="true">true</closechannelosdonswitch>
        <displaychannelinfo>3</displaychannelinfo>
        <iconpath default="true"></iconpath>
    </pvrmenu>
    <pvrparental>
        <duration default="true">300</duration>
        <enabled default="true">false</enabled>
        <pin default="true"></pin>
    </pvrparental>
    <pvrplayback>
        <channelentrytimeout default="true">0</channelentrytimeout>
        <confirmchannelswitch default="true">false</confirmchannelswitch>
        <playminimized>false</playminimized>
        <scantime>5</scantime>
        <signalquality default="true">true</signalquality>
        <startlast default="true">0</startlast>
    </pvrplayback>
    <pvrpowermanagement>
        <backendidletime default="true">15</backendidletime>
        <dailywakeup default="true">false</dailywakeup>
        <dailywakeuptime default="true">00:00:00</dailywakeuptime>
        <enabled default="true">false</enabled>
        <prewakeup default="true">15</prewakeup>
        <setwakeupcmd default="true"></setwakeupcmd>
    </pvrpowermanagement>
    <pvrrecord>
        <defaultlifetime default="true">99</defaultlifetime>
        <defaultpriority default="true">50</defaultpriority>
        <instantrecordtime default="true">120</instantrecordtime>
        <marginend default="true">0</marginend>
        <marginstart default="true">0</marginstart>
        <timernotifications default="true">true</timernotifications>
    </pvrrecord>
    <scrapers>
        <moviesdefault default="true">metadata.themoviedb.org</moviesdefault>
        <musicvideosdefault default="true">metadata.musicvideos.theaudiodb.com</musicvideosdefault>
        <tvshowsdefault default="true">metadata.tvdb.com</tvshowsdefault>
    </scrapers>
    <screensaver>
        <mode>screensaver.picture.slideshow</mode>
        <time default="true">3</time>
        <usedimonpause default="true">true</usedimonpause>
        <usemusicvisinstead default="true">true</usemusicvisinstead>
    </screensaver>
    <services>
        <airplay default="true">false</airplay>
        <airplayios8compat default="true">true</airplayios8compat>
        <airplaypassword default="true"></airplaypassword>
        <airplayvolumecontrol default="true">true</airplayvolumecontrol>
        <devicename default="true">Kodi</devicename>
        <esallinterfaces>true</esallinterfaces>
        <escontinuousdelay default="true">25</escontinuousdelay>
        <esenabled default="true">true</esenabled>
        <esinitialdelay default="true">750</esinitialdelay>
        <esmaxclients default="true">20</esmaxclients>
        <esport default="true">9777</esport>
        <esportrange default="true">10</esportrange>
        <upnpannounce default="true">true</upnpannounce>
        <upnpcontroller>true</upnpcontroller>
        <upnprenderer>true</upnprenderer>
        <upnpserver>true</upnpserver>
        <useairplaypassword default="true">false</useairplaypassword>
        <webserver>true</webserver>
        <webserverpassword default="true"></webserverpassword>
        <webserverport>8080</webserverport>
        <webserverusername default="true">kodi</webserverusername>
        <webskin default="true">webinterface.default</webskin>
        <zeroconf default="true">false</zeroconf>
    </services>
    <slideshow>
        <displayeffects>false</displayeffects>
        <shuffle default="true">false</shuffle>
        <staytime default="true">5</staytime>
    </slideshow>
    <smb>
        <winsserver default="true">0.0.0.0</winsserver>
        <workgroup default="true">WORKGROUP</workgroup>
    </smb>
    <subtitles>
        <align default="true">0</align>
        <charset default="true">DEFAULT</charset>
        <color>7</color>
        <custompath default="true"></custompath>
        <downloadfirst>true</downloadfirst>
        <font default="true">arial.ttf</font>
        <height default="true">28</height>
        <languages>Dutch,English,Spanish</languages>
        <movie>service.subtitles.opensubtitles</movie>
        <overrideassfonts default="true">false</overrideassfonts>
        <pauseonsearch>false</pauseonsearch>
        <stereoscopicdepth>5</stereoscopicdepth>
        <storagemode default="true">0</storagemode>
        <style default="true">1</style>
        <tv>service.subtitles.subscene</tv>
    </subtitles>
    <system>
        <playlistspath>special://profile/playlists/</playlistspath>
    </system>
    <videolibrary>
        <actorthumbs default="true">true</actorthumbs>
        <backgroundupdate default="true">false</backgroundupdate>
        <enabled default="true">true</enabled>
        <flattentvshows default="true">1</flattentvshows>
        <groupmoviesets>true</groupmoviesets>
        <showunwatchedplots default="true">true</showunwatchedplots>
        <updateonstartup default="true">false</updateonstartup>
    </videolibrary>
    <videoplayer>
        <adjustrefreshrate>2</adjustrefreshrate>
        <autoplaynextitem>true</autoplaynextitem>
        <decodingmethod default="true">1</decodingmethod>
        <errorinaspect default="true">0</errorinaspect>
        <hqscalers default="true">0</hqscalers>
        <maxspeedadjust default="true">5</maxspeedadjust>
        <pauseafterrefreshchange default="true">0</pauseafterrefreshchange>
        <prefervaapirender default="true">true</prefervaapirender>
        <quitstereomodeonstop default="true">true</quitstereomodeonstop>
        <rendermethod default="true">0</rendermethod>
        <stereoscopicplaybackmode>1</stereoscopicplaybackmode>
        <stretch43 default="true">0</stretch43>
        <synctype default="true">2</synctype>
        <teletextenabled>false</teletextenabled>
        <teletextscale>false</teletextscale>
        <useamcodec default="true">true</useamcodec>
        <usedisplayasclock default="true">false</usedisplayasclock>
        <usedxva2 default="true">true</usedxva2>
        <useomx default="true">true</useomx>
        <useomxplayer default="true">true</useomxplayer>
        <usepbo default="true">true</usepbo>
        <usevaapi default="true">true</usevaapi>
        <usevaapimpeg2 default="true">true</usevaapimpeg2>
        <usevaapimpeg4 default="true">true</usevaapimpeg4>
        <usevaapivc1 default="true">false</usevaapivc1>
        <usevda default="true">true</usevda>
        <usevdpau default="true">true</usevdpau>
        <usevdpaumixer default="true">true</usevdpaumixer>
        <usevdpaumpeg2 default="true">true</usevdpaumpeg2>
        <usevdpaumpeg4 default="true">false</usevdpaumpeg4>
        <usevdpauvc1 default="true">true</usevdpauvc1>
        <usevideotoolbox default="true">true</usevideotoolbox>
        <vdpauUpscalingLevel default="true">false</vdpauUpscalingLevel>
        <vdpau_allow_xrandr default="true">false</vdpau_allow_xrandr>
    </videoplayer>
    <videoscreen>
        <blankdisplays default="true">false</blankdisplays>
        <fakefullscreen default="true">true</fakefullscreen>
        <limitedrange default="true">false</limitedrange>
        <monitor default="true">Default</monitor>
        <preferedstereoscopicmode default="true">100</preferedstereoscopicmode>
        <resolution default="true">16</resolution>
        <screen default="true">0</screen>
        <screenmode default="true">DESKTOP</screenmode>
        <stereoscopicmode default="true">0</stereoscopicmode>
        <vsync default="true">2</vsync>
    </videoscreen>
    <weather>
        <addon>weather.yahoo</addon>
        <currentlocation default="true">1</currentlocation>
    </weather>
    <window>
        <height>316</height>
        <width>514</width>
    </window>
    <resolutions />
    <defaultvideosettings>
        <deinterlacemode>1</deinterlacemode>
        <interlacemethod>1</interlacemethod>
        <scalingmethod>1</scalingmethod>
        <noisereduction>0.000000</noisereduction>
        <postprocess>false</postprocess>
        <sharpness>0.000000</sharpness>
        <viewmode>0</viewmode>
        <zoomamount>1.000000</zoomamount>
        <pixelratio>1.000000</pixelratio>
        <verticalshift>0.000000</verticalshift>
        <volumeamplification>0.000000</volumeamplification>
        <outputtoallspeakers>false</outputtoallspeakers>
        <showsubtitles>true</showsubtitles>
        <brightness>50.000000</brightness>
        <contrast>50.000000</contrast>
        <gamma>20.000000</gamma>
        <audiodelay>0.000000</audiodelay>
        <subtitledelay>0.000000</subtitledelay>
        <autocrop>false</autocrop>
        <nonlinstretch>false</nonlinstretch>
        <stereomode>0</stereomode>
    </defaultvideosettings>
    <skinsettings>
        <setting type="bool" name="skin.confluence.Use_Startup_Playlist">false</setting>
        <setting type="bool" name="skin.confluence.UseCustomBackground">false</setting>
        <setting type="bool" name="skin.confluence.HideBackGroundFanart">false</setting>
        <setting type="bool" name="skin.confluence.ShowBackgroundVideo">false</setting>
        <setting type="bool" name="skin.confluence.ShowBackgroundVis">false</setting>
        <setting type="bool" name="skin.confluence.HomepageHideRecentlyAddedVideo">false</setting>
        <setting type="bool" name="skin.confluence.HomepageHideRecentlyAddedAlbums">false</setting>
        <setting type="bool" name="skin.confluence.homepageWeatherinfo">true</setting>
        <setting type="bool" name="skin.confluence.homepageMusicinfo">false</setting>
        <setting type="bool" name="skin.confluence.homepageVideoinfo">false</setting>
        <setting type="bool" name="skin.confluence.HomeMenuNoMovieButton">false</setting>
        <setting type="bool" name="skin.confluence.HomeMenuNoTVShowButton">false</setting>
        <setting type="bool" name="skin.confluence.HomeMenuNoWeatherButton">false</setting>
        <setting type="bool" name="skin.confluence.HomeMenuNoPicturesButton">false</setting>
        <setting type="bool" name="skin.confluence.HomeMenuNoVideosButton">false</setting>
        <setting type="bool" name="skin.confluence.HomeMenuNoMusicButton">false</setting>
        <setting type="bool" name="skin.confluence.HomeMenuNoProgramsButton">false</setting>
        <setting type="bool" name="skin.confluence.HideFilenameFlagging">false</setting>
        <setting type="bool" name="skin.confluence.View508HideInfo">false</setting>
        <setting type="bool" name="skin.confluence.AutoScroll">true</setting>
        <setting type="bool" name="skin.confluence.FirstTimeRun">true</setting>
        <setting type="bool" name="skin.qonfluence.MusicFullscreen">true</setting>
        <setting type="bool" name="skin.qonfluence.UseCustomBackground">false</setting>
        <setting type="bool" name="skin.qonfluence.UseCustomBackgroundFolder">false</setting>
        <setting type="bool" name="skin.qonfluence.HideBackGroundFanart">false</setting>
        <setting type="bool" name="skin.qonfluence.ShowBackgroundVideo">false</setting>
        <setting type="bool" name="skin.qonfluence.ShowBackgroundVis">false</setting>
        <setting type="bool" name="skin.qonfluence.SystemWeatherinfo">true</setting>
        <setting type="bool" name="skin.qonfluence.SystemDate">true</setting>
        <setting type="bool" name="skin.qonfluence.KidsProfile">false</setting>
        <setting type="bool" name="skin.qonfluence.HomepageHideRecentlyAddedVideo">false</setting>
        <setting type="bool" name="skin.qonfluence.HomepageHideRecentlyAddedAlbums">false</setting>
        <setting type="bool" name="skin.qonfluence.SkinMod">true</setting>
        <setting type="bool" name="skin.qonfluence.homepageWeatherinfo">true</setting>
        <setting type="bool" name="skin.qonfluence.homepageMusicinfo">false</setting>
        <setting type="bool" name="skin.qonfluence.homepageVideoinfo">false</setting>
        <setting type="bool" name="skin.qonfluence.HomeMenuNoMovieButton">false</setting>
        <setting type="bool" name="skin.qonfluence.HomeMenuNoTVShowButton">false</setting>
        <setting type="bool" name="skin.qonfluence.HomeMenuNoWeatherButton">false</setting>
        <setting type="bool" name="skin.qonfluence.HomeMenuNoCustomHomeButton1">false</setting>
        <setting type="bool" name="skin.qonfluence.HomeMenuNoPicturesButton">false</setting>
        <setting type="bool" name="skin.qonfluence.HomeMenuNoCustomHomeButton2">false</setting>
        <setting type="bool" name="skin.qonfluence.HomeMenuNoRadioButton">false</setting>
        <setting type="bool" name="skin.qonfluence.HomeMenuNoCustomHomeButton3">false</setting>
        <setting type="bool" name="skin.qonfluence.HomeMenuNoTVButton">false</setting>
        <setting type="bool" name="skin.qonfluence.HomeMenuNoCustomHomeButton4">false</setting>
        <setting type="bool" name="skin.qonfluence.HomeMenuNoVideosButton">false</setting>
        <setting type="bool" name="skin.qonfluence.HomeMenuNoCustomHomeButton5">false</setting>
        <setting type="bool" name="skin.qonfluence.HomeMenuNoCustomHomeButton6">false</setting>
        <setting type="bool" name="skin.qonfluence.HomeMenuNoCustomHomeButton7">false</setting>
        <setting type="bool" name="skin.qonfluence.HomeMenuMusicVideosButton">false</setting>
        <setting type="bool" name="skin.qonfluence.HomeMenuNoCustomHomeButton8">false</setting>
        <setting type="bool" name="skin.qonfluence.HomeMenuNoMusicButton">false</setting>
        <setting type="bool" name="skin.qonfluence.HomeMenuNoCustomHomeButton9">false</setting>
        <setting type="bool" name="skin.qonfluence.HomeMenuNoProgramsButton">false</setting>
        <setting type="bool" name="skin.qonfluence.HomeMenuNoCustomHomeButton10">false</setting>
        <setting type="bool" name="skin.qonfluence.HomeMenuNoDVDButton">false</setting>
        <setting type="bool" name="skin.qonfluence.HomeMenuNoSystemButton">false</setting>
        <setting type="bool" name="skin.qonfluence.FavouriteVideoAddons">false</setting>
        <setting type="bool" name="skin.qonfluence.Favourite1">false</setting>
        <setting type="bool" name="skin.qonfluence.Favourite2">false</setting>
        <setting type="bool" name="skin.qonfluence.Favourite3">false</setting>
        <setting type="bool" name="skin.qonfluence.Favourite4">false</setting>
        <setting type="bool" name="skin.qonfluence.Favourite5">false</setting>
        <setting type="bool" name="skin.qonfluence.Favourite6">false</setting>
        <setting type="bool" name="skin.qonfluence.Favourite7">false</setting>
        <setting type="bool" name="skin.qonfluence.FavouriteMusicAddons">false</setting>
        <setting type="bool" name="skin.qonfluence.Favourite11">false</setting>
        <setting type="bool" name="skin.qonfluence.Favourite12">false</setting>
        <setting type="bool" name="skin.qonfluence.Favourite13">false</setting>
        <setting type="bool" name="skin.qonfluence.Favourite14">false</setting>
        <setting type="bool" name="skin.qonfluence.Favourite15">false</setting>
        <setting type="bool" name="skin.qonfluence.Favourite16">false</setting>
        <setting type="bool" name="skin.qonfluence.Favourite17">false</setting>
        <setting type="bool" name="skin.qonfluence.FavouritePictureAddons">false</setting>
        <setting type="bool" name="skin.qonfluence.Favourite21">false</setting>
        <setting type="bool" name="skin.qonfluence.Favourite22">false</setting>
        <setting type="bool" name="skin.qonfluence.Favourite23">false</setting>
        <setting type="bool" name="skin.qonfluence.Favourite24">false</setting>
        <setting type="bool" name="skin.qonfluence.Favourite25">false</setting>
        <setting type="bool" name="skin.qonfluence.Favourite26">false</setting>
        <setting type="bool" name="skin.qonfluence.Favourite27">false</setting>
        <setting type="bool" name="skin.qonfluence.FavouriteProgramAddons">true</setting>
        <setting type="bool" name="skin.qonfluence.Favourite31">false</setting>
        <setting type="bool" name="skin.qonfluence.Favourite32">false</setting>
        <setting type="bool" name="skin.qonfluence.Favourite33">false</setting>
        <setting type="bool" name="skin.qonfluence.Favourite34">false</setting>
        <setting type="bool" name="skin.qonfluence.Favourite35">false</setting>
        <setting type="bool" name="skin.qonfluence.Favourite36">false</setting>
        <setting type="bool" name="skin.qonfluence.Favourite37">false</setting>
        <setting type="bool" name="skin.qonfluence.AutoScroll">true</setting>
        <setting type="bool" name="skin.qonfluence.FirstTimeRun">true</setting>
        <setting type="bool" name="skin.qonfluence.AnimeWindowXMLDialogClose">false</setting>
        <setting type="bool" name="skin.qonfluence.Use_Startup_Playlist">false</setting>
        <setting type="bool" name="skin.qonfluence.NoIntro">false</setting>
        <setting type="bool" name="skin.qonfluence.AutoSubSearch">false</setting>
        <setting type="bool" name="skin.qonfluence.HideFilenameFlagging">false</setting>
        <setting type="bool" name="skin.qonfluence.View508HideInfo">false</setting>
        <setting type="bool" name="skin.qonfluence.ActivateTvTunes">false</setting>
        <setting type="bool" name="skin.qonfluence.XXX">false</setting>
        <setting type="bool" name="skin.qonfluence.NoReloadSkin">false</setting>
        <setting type="bool" name="skin.qonfluence.SuperShortcuts">false</setting>
        <setting type="bool" name="skin.qonfluence.Show_SlideShow_Paused">false</setting>
        <setting type="bool" name="skin.qonfluence.WindowedTrailer">false</setting>
        <setting type="bool" name="skin.qonfluence.ArtistSlideshow">true</setting>
        <setting type="bool" name="skin.qonfluence.DeveloperMode">false</setting>
        <setting type="bool" name="skin.qonfluence.EnableDeveloper">false</setting>
        <setting type="bool" name="skin.qonfluence.HideVisualizationFanart">false</setting>
        <setting type="bool" name="skin.qonfluence.kioskmode">false</setting>
        <setting type="bool" name="skin.confluence.Show_SlideShow_Paused">false</setting>
        <setting type="bool" name="skin.confluence.WindowedTrailer">false</setting>
        <setting type="bool" name="skin.confluence.ActivateTvTunes">false</setting>
        <setting type="bool" name="skin.confluence.HideVisualizationFanart">false</setting>
        <setting type="string" name="skin.confluence.CustomBackgroundPath"></setting>
        <setting type="string" name="skin.confluence.HomeVideosButton1"></setting>
        <setting type="string" name="skin.confluence.HomeVideosButton2"></setting>
        <setting type="string" name="skin.confluence.HomeVideosButton3"></setting>
        <setting type="string" name="skin.confluence.HomeVideosButton4"></setting>
        <setting type="string" name="skin.confluence.HomeVideosButton5"></setting>
        <setting type="string" name="skin.confluence.HomeMusicButton1"></setting>
        <setting type="string" name="skin.confluence.HomeMusicButton2"></setting>
        <setting type="string" name="skin.confluence.HomeMusicButton3"></setting>
        <setting type="string" name="skin.confluence.HomeMusicButton4"></setting>
        <setting type="string" name="skin.confluence.HomeMusicButton5"></setting>
        <setting type="string" name="skin.confluence.HomePictureButton1"></setting>
        <setting type="string" name="skin.confluence.HomePictureButton2"></setting>
        <setting type="string" name="skin.confluence.HomePictureButton3"></setting>
        <setting type="string" name="skin.confluence.HomePictureButton4"></setting>
        <setting type="string" name="skin.confluence.HomePictureButton5"></setting>
        <setting type="string" name="skin.confluence.HomeProgramButton1"></setting>
        <setting type="string" name="skin.confluence.HomeProgramButton2"></setting>
        <setting type="string" name="skin.confluence.HomeProgramButton3"></setting>
        <setting type="string" name="skin.confluence.HomeProgramButton4"></setting>
        <setting type="string" name="skin.confluence.HomeProgramButton5"></setting>
        <setting type="string" name="skin.qonfluence.CustomBackgroundPath"></setting>
        <setting type="string" name="skin.qonfluence.CustomBackgroundFolderPath"></setting>
        <setting type="string" name="skin.qonfluence.Color1"></setting>
        <setting type="string" name="skin.qonfluence.MovieWidgetContent"></setting>
        <setting type="string" name="skin.qonfluence.CustomMovieWidgetContent.Label"></setting>
        <setting type="string" name="skin.qonfluence.ColorFO1"></setting>
        <setting type="string" name="skin.qonfluence.CustomMovieWidgetContent.List"></setting>
        <setting type="string" name="skin.qonfluence.TVShowWidgetContent"></setting>
        <setting type="string" name="skin.qonfluence.CustomTVShowWidgetContent.Label"></setting>
        <setting type="string" name="skin.qonfluence.CustomTVShowWidgetContent.List"></setting>
        <setting type="string" name="skin.qonfluence.MusicWidgetContent"></setting>
        <setting type="string" name="skin.qonfluence.CustomMusicWidgetContent.Label"></setting>
        <setting type="string" name="skin.qonfluence.CustomMusicWidgetContent.List"></setting>
        <setting type="string" name="skin.qonfluence.CustomSubMenu11.Path"></setting>
        <setting type="string" name="skin.qonfluence.CustomSubMenu12.Path"></setting>
        <setting type="string" name="skin.qonfluence.CustomSubMenu13.Path"></setting>
        <setting type="string" name="skin.qonfluence.CustomSubMenu14.Path"></setting>
        <setting type="string" name="skin.qonfluence.CustomSubMenu15.Path"></setting>
        <setting type="string" name="skin.qonfluence.CustomSubMenu11.Label"></setting>
        <setting type="string" name="skin.qonfluence.CustomSubMenu12.Label"></setting>
        <setting type="string" name="skin.qonfluence.CustomSubMenu13.Label"></setting>
        <setting type="string" name="skin.qonfluence.CustomSubMenu14.Label"></setting>
        <setting type="string" name="skin.qonfluence.CustomSubMenu15.Label"></setting>
        <setting type="string" name="skin.qonfluence.CustomSubMenu21.Path"></setting>
        <setting type="string" name="skin.qonfluence.CustomSubMenu22.Path"></setting>
        <setting type="string" name="skin.qonfluence.CustomSubMenu23.Path"></setting>
        <setting type="string" name="skin.qonfluence.CustomSubMenu24.Path"></setting>
        <setting type="string" name="skin.qonfluence.CustomSubMenu25.Path"></setting>
        <setting type="string" name="skin.qonfluence.CustomSubMenu21.Label"></setting>
        <setting type="string" name="skin.qonfluence.CustomSubMenu22.Label"></setting>
        <setting type="string" name="skin.qonfluence.CustomSubMenu23.Label"></setting>
        <setting type="string" name="skin.qonfluence.CustomSubMenu24.Label"></setting>
        <setting type="string" name="skin.qonfluence.CustomSubMenu25.Label"></setting>
        <setting type="string" name="skin.qonfluence.CustomSubMenu31.Path"></setting>
        <setting type="string" name="skin.qonfluence.CustomSubMenu32.Path"></setting>
        <setting type="string" name="skin.qonfluence.CustomSubMenu33.Path"></setting>
        <setting type="string" name="skin.qonfluence.CustomSubMenu34.Path"></setting>
        <setting type="string" name="skin.qonfluence.CustomSubMenu35.Path"></setting>
        <setting type="string" name="skin.qonfluence.CustomSubMenu31.Label"></setting>
        <setting type="string" name="skin.qonfluence.CustomSubMenu32.Label"></setting>
        <setting type="string" name="skin.qonfluence.CustomSubMenu33.Label"></setting>
        <setting type="string" name="skin.qonfluence.CustomSubMenu34.Label"></setting>
        <setting type="string" name="skin.qonfluence.CustomSubMenu35.Label"></setting>
        <setting type="string" name="skin.qonfluence.CustomSubMenu41.Path"></setting>
        <setting type="string" name="skin.qonfluence.CustomSubMenu42.Path"></setting>
        <setting type="string" name="skin.qonfluence.CustomSubMenu43.Path"></setting>
        <setting type="string" name="skin.qonfluence.CustomSubMenu44.Path"></setting>
        <setting type="string" name="skin.qonfluence.CustomSubMenu45.Path"></setting>
        <setting type="string" name="skin.qonfluence.CustomSubMenu41.Label"></setting>
        <setting type="string" name="skin.qonfluence.CustomSubMenu42.Label"></setting>
        <setting type="string" name="skin.qonfluence.CustomSubMenu43.Label"></setting>
        <setting type="string" name="skin.qonfluence.CustomSubMenu44.Label"></setting>
        <setting type="string" name="skin.qonfluence.CustomSubMenu45.Label"></setting>
        <setting type="string" name="skin.qonfluence.CustomSubMenu51.Path"></setting>
        <setting type="string" name="skin.qonfluence.CustomSubMenu52.Path"></setting>
        <setting type="string" name="skin.qonfluence.CustomSubMenu53.Path"></setting>
        <setting type="string" name="skin.qonfluence.CustomSubMenu54.Path"></setting>
        <setting type="string" name="skin.qonfluence.CustomSubMenu55.Path"></setting>
        <setting type="string" name="skin.qonfluence.CustomSubMenu51.Label"></setting>
        <setting type="string" name="skin.qonfluence.CustomSubMenu52.Label"></setting>
        <setting type="string" name="skin.qonfluence.CustomSubMenu53.Label"></setting>
        <setting type="string" name="skin.qonfluence.CustomSubMenu54.Label"></setting>
        <setting type="string" name="skin.qonfluence.CustomSubMenu55.Label"></setting>
        <setting type="string" name="skin.qonfluence.CustomSubMenu61.Path"></setting>
        <setting type="string" name="skin.qonfluence.CustomSubMenu62.Path"></setting>
        <setting type="string" name="skin.qonfluence.CustomSubMenu63.Path"></setting>
        <setting type="string" name="skin.qonfluence.CustomSubMenu64.Path"></setting>
        <setting type="string" name="skin.qonfluence.CustomSubMenu65.Path"></setting>
        <setting type="string" name="skin.qonfluence.CustomSubMenu61.Label"></setting>
        <setting type="string" name="skin.qonfluence.CustomSubMenu62.Label"></setting>
        <setting type="string" name="skin.qonfluence.CustomSubMenu63.Label"></setting>
        <setting type="string" name="skin.qonfluence.CustomSubMenu64.Label"></setting>
        <setting type="string" name="skin.qonfluence.CustomSubMenu65.Label"></setting>
        <setting type="string" name="skin.qonfluence.CustomSubMenu71.Path"></setting>
        <setting type="string" name="skin.qonfluence.CustomSubMenu72.Path"></setting>
        <setting type="string" name="skin.qonfluence.CustomSubMenu73.Path"></setting>
        <setting type="string" name="skin.qonfluence.CustomSubMenu74.Path"></setting>
        <setting type="string" name="skin.qonfluence.CustomSubMenu75.Path"></setting>
        <setting type="string" name="skin.qonfluence.CustomSubMenu71.Label"></setting>
        <setting type="string" name="skin.qonfluence.CustomSubMenu72.Label"></setting>
        <setting type="string" name="skin.qonfluence.CustomSubMenu73.Label"></setting>
        <setting type="string" name="skin.qonfluence.CustomSubMenu74.Label"></setting>
        <setting type="string" name="skin.qonfluence.CustomSubMenu75.Label"></setting>
        <setting type="string" name="skin.qonfluence.CustomSubMenu81.Path"></setting>
        <setting type="string" name="skin.qonfluence.CustomSubMenu82.Path"></setting>
        <setting type="string" name="skin.qonfluence.CustomSubMenu83.Path"></setting>
        <setting type="string" name="skin.qonfluence.CustomSubMenu84.Path"></setting>
        <setting type="string" name="skin.qonfluence.CustomSubMenu85.Path"></setting>
        <setting type="string" name="skin.qonfluence.CustomSubMenu81.Label"></setting>
        <setting type="string" name="skin.qonfluence.CustomSubMenu82.Label"></setting>
        <setting type="string" name="skin.qonfluence.CustomSubMenu83.Label"></setting>
        <setting type="string" name="skin.qonfluence.CustomSubMenu84.Label"></setting>
        <setting type="string" name="skin.qonfluence.CustomSubMenu85.Label"></setting>
        <setting type="string" name="skin.qonfluence.CustomSubMenu91.Path"></setting>
        <setting type="string" name="skin.qonfluence.CustomSubMenu92.Path"></setting>
        <setting type="string" name="skin.qonfluence.CustomSubMenu93.Path"></setting>
        <setting type="string" name="skin.qonfluence.CustomSubMenu94.Path"></setting>
        <setting type="string" name="skin.qonfluence.CustomSubMenu95.Path"></setting>
        <setting type="string" name="skin.qonfluence.CustomSubMenu91.Label"></setting>
        <setting type="string" name="skin.qonfluence.CustomSubMenu92.Label"></setting>
        <setting type="string" name="skin.qonfluence.CustomSubMenu93.Label"></setting>
        <setting type="string" name="skin.qonfluence.CustomSubMenu94.Label"></setting>
        <setting type="string" name="skin.qonfluence.CustomSubMenu95.Label"></setting>
        <setting type="string" name="skin.qonfluence.CustomSubMenu101.Path"></setting>
        <setting type="string" name="skin.qonfluence.CustomSubMenu102.Path"></setting>
        <setting type="string" name="skin.qonfluence.CustomSubMenu103.Path"></setting>
        <setting type="string" name="skin.qonfluence.CustomSubMenu104.Path"></setting>
        <setting type="string" name="skin.qonfluence.CustomSubMenu105.Path"></setting>
        <setting type="string" name="skin.qonfluence.CustomSubMenu101.Label"></setting>
        <setting type="string" name="skin.qonfluence.CustomSubMenu102.Label"></setting>
        <setting type="string" name="skin.qonfluence.CustomSubMenu103.Label"></setting>
        <setting type="string" name="skin.qonfluence.CustomSubMenu104.Label"></setting>
        <setting type="string" name="skin.qonfluence.CustomSubMenu105.Label"></setting>
        <setting type="string" name="skin.qonfluence.CustomHomeButton1.Label"></setting>
        <setting type="string" name="skin.qonfluence.CustomHomeButton1.Path"></setting>
        <setting type="string" name="skin.qonfluence.CustomHomeButton2.Label"></setting>
        <setting type="string" name="skin.qonfluence.CustomHomeButton2.Path"></setting>
        <setting type="string" name="skin.qonfluence.CustomHomeButton3.Label"></setting>
        <setting type="string" name="skin.qonfluence.CustomHomeButton3.Path"></setting>
        <setting type="string" name="skin.qonfluence.CustomHomeButton4.Label"></setting>
        <setting type="string" name="skin.qonfluence.CustomHomeButton4.Path"></setting>
        <setting type="string" name="skin.qonfluence.CustomHomeButton5.Label"></setting>
        <setting type="string" name="skin.qonfluence.CustomHomeButton5.Path"></setting>
        <setting type="string" name="skin.qonfluence.CustomHomeButton6.Label"></setting>
        <setting type="string" name="skin.qonfluence.CustomHomeButton6.Path"></setting>
        <setting type="string" name="skin.qonfluence.CustomHomeButton7.Label"></setting>
        <setting type="string" name="skin.qonfluence.CustomHomeButton7.Path"></setting>
        <setting type="string" name="skin.qonfluence.CustomHomeButton8.Label"></setting>
        <setting type="string" name="skin.qonfluence.CustomHomeButton8.Path"></setting>
        <setting type="string" name="skin.qonfluence.CustomHomeButton9.Label"></setting>
        <setting type="string" name="skin.qonfluence.CustomHomeButton9.Path"></setting>
        <setting type="string" name="skin.qonfluence.CustomHomeButton10.Label"></setting>
        <setting type="string" name="skin.qonfluence.CustomHomeButton10.Path"></setting>
        <setting type="string" name="skin.qonfluence.HomeVideosButton1">script.icechannel</setting>
        <setting type="string" name="skin.qonfluence.HomeVideosButton2">plugin.video.phstreams</setting>
        <setting type="string" name="skin.qonfluence.HomeVideosButton3">plugin.video.salts</setting>
        <setting type="string" name="skin.qonfluence.HomeVideosButton4">plugin.video.theroyalwe</setting>
        <setting type="string" name="skin.qonfluence.HomeVideosButton5">plugin.video.tv4me</setting>
        <setting type="string" name="skin.qonfluence.HomeVideosButton6">plugin.video.whatthefurk</setting>
        <setting type="string" name="skin.qonfluence.HomeVideosButton7">plugin.video.youtubelibrary</setting>
        <setting type="string" name="skin.qonfluence.CustomFavourite1.Label"></setting>
        <setting type="string" name="skin.qonfluence.CustomFavourite1.thumb"></setting>
        <setting type="string" name="skin.qonfluence.CustomFavourite1.icon"></setting>
        <setting type="string" name="skin.qonfluence.CustomFavourite2.Label"></setting>
        <setting type="string" name="skin.qonfluence.CustomFavourite2.thumb"></setting>
        <setting type="string" name="skin.qonfluence.CustomFavourite2.icon"></setting>
        <setting type="string" name="skin.qonfluence.CustomFavourite3.Label"></setting>
        <setting type="string" name="skin.qonfluence.CustomFavourite3.thumb"></setting>
        <setting type="string" name="skin.qonfluence.CustomFavourite3.icon"></setting>
        <setting type="string" name="skin.qonfluence.CustomFavourite4.Label"></setting>
        <setting type="string" name="skin.qonfluence.CustomFavourite4.thumb"></setting>
        <setting type="string" name="skin.qonfluence.CustomFavourite4.icon"></setting>
        <setting type="string" name="skin.qonfluence.CustomFavourite5.Label"></setting>
        <setting type="string" name="skin.qonfluence.CustomFavourite5.thumb"></setting>
        <setting type="string" name="skin.qonfluence.CustomFavourite5.icon"></setting>
        <setting type="string" name="skin.qonfluence.CustomFavourite6.Label"></setting>
        <setting type="string" name="skin.qonfluence.CustomFavourite6.thumb"></setting>
        <setting type="string" name="skin.qonfluence.CustomFavourite6.icon"></setting>
        <setting type="string" name="skin.qonfluence.CustomFavourite7.Label"></setting>
        <setting type="string" name="skin.qonfluence.CustomFavourite7.thumb"></setting>
        <setting type="string" name="skin.qonfluence.CustomFavourite7.icon"></setting>
        <setting type="string" name="skin.qonfluence.HomeMusicButton1">plugin.audio.hypem_com</setting>
        <setting type="string" name="skin.qonfluence.HomeMusicButton2">plugin.audio.mixcloud</setting>
        <setting type="string" name="skin.qonfluence.HomeMusicButton3">plugin.audio.musicbox</setting>
        <setting type="string" name="skin.qonfluence.HomeMusicButton4">plugin.audio.soundcloud</setting>
        <setting type="string" name="skin.qonfluence.HomeMusicButton5">plugin.video.myvevo</setting>
        <setting type="string" name="skin.qonfluence.HomeMusicButton6">plugin.video.vevo_tv</setting>
        <setting type="string" name="skin.qonfluence.HomeMusicButton7">plugin.video.spotitube</setting>
        <setting type="string" name="skin.qonfluence.CustomFavourite11.Label"></setting>
        <setting type="string" name="skin.qonfluence.CustomFavourite11.thumb"></setting>
        <setting type="string" name="skin.qonfluence.CustomFavourite11.icon"></setting>
        <setting type="string" name="skin.qonfluence.CustomFavourite12.Label"></setting>
        <setting type="string" name="skin.qonfluence.CustomFavourite12.thumb"></setting>
        <setting type="string" name="skin.qonfluence.CustomFavourite12.icon"></setting>
        <setting type="string" name="skin.qonfluence.CustomFavourite13.Label"></setting>
        <setting type="string" name="skin.qonfluence.CustomFavourite13.thumb"></setting>
        <setting type="string" name="skin.qonfluence.CustomFavourite13.icon"></setting>
        <setting type="string" name="skin.qonfluence.CustomFavourite14.Label"></setting>
        <setting type="string" name="skin.qonfluence.CustomFavourite14.thumb"></setting>
        <setting type="string" name="skin.qonfluence.CustomFavourite14.icon"></setting>
        <setting type="string" name="skin.qonfluence.CustomFavourite15.Label"></setting>
        <setting type="string" name="skin.qonfluence.CustomFavourite15.thumb"></setting>
        <setting type="string" name="skin.qonfluence.CustomFavourite15.icon"></setting>
        <setting type="string" name="skin.qonfluence.CustomFavourite16.Label"></setting>
        <setting type="string" name="skin.qonfluence.CustomFavourite16.thumb"></setting>
        <setting type="string" name="skin.qonfluence.CustomFavourite16.icon"></setting>
        <setting type="string" name="skin.qonfluence.CustomFavourite17.Label"></setting>
        <setting type="string" name="skin.qonfluence.CustomFavourite17.thumb"></setting>
        <setting type="string" name="skin.qonfluence.CustomFavourite17.icon"></setting>
        <setting type="string" name="skin.qonfluence.HomePictureButton1">plugin.video.1channel</setting>
        <setting type="string" name="skin.qonfluence.HomePictureButton2">script.icechannel</setting>
        <setting type="string" name="skin.qonfluence.HomePictureButton3">plugin.video.movies4me</setting>
        <setting type="string" name="skin.qonfluence.HomePictureButton4">plugin.video.phstreams</setting>
        <setting type="string" name="skin.qonfluence.HomePictureButton5">plugin.video.salts</setting>
        <setting type="string" name="skin.qonfluence.HomePictureButton6">plugin.video.theroyalwe</setting>
        <setting type="string" name="skin.qonfluence.HomePictureButton7">plugin.video.whatthefurk</setting>
        <setting type="string" name="skin.qonfluence.CustomFavourite21.Label"></setting>
        <setting type="string" name="skin.qonfluence.CustomFavourite21.thumb"></setting>
        <setting type="string" name="skin.qonfluence.CustomFavourite21.icon"></setting>
        <setting type="string" name="skin.qonfluence.CustomFavourite22.Label"></setting>
        <setting type="string" name="skin.qonfluence.CustomFavourite22.thumb"></setting>
        <setting type="string" name="skin.qonfluence.CustomFavourite22.icon"></setting>
        <setting type="string" name="skin.qonfluence.CustomFavourite23.Label"></setting>
        <setting type="string" name="skin.qonfluence.CustomFavourite23.thumb"></setting>
        <setting type="string" name="skin.qonfluence.CustomFavourite23.icon"></setting>
        <setting type="string" name="skin.qonfluence.CustomFavourite24.Label"></setting>
        <setting type="string" name="skin.qonfluence.CustomFavourite24.thumb"></setting>
        <setting type="string" name="skin.qonfluence.CustomFavourite24.icon"></setting>
        <setting type="string" name="skin.qonfluence.CustomFavourite25.Label"></setting>
        <setting type="string" name="skin.qonfluence.CustomFavourite25.thumb"></setting>
        <setting type="string" name="skin.qonfluence.CustomFavourite25.icon"></setting>
        <setting type="string" name="skin.qonfluence.CustomFavourite26.Label"></setting>
        <setting type="string" name="skin.qonfluence.CustomFavourite26.thumb"></setting>
        <setting type="string" name="skin.qonfluence.CustomFavourite26.icon"></setting>
        <setting type="string" name="skin.qonfluence.CustomFavourite27.Label"></setting>
        <setting type="string" name="skin.qonfluence.CustomFavourite27.thumb"></setting>
        <setting type="string" name="skin.qonfluence.CustomFavourite27.icon"></setting>
        <setting type="string" name="skin.qonfluence.HomeProgramButton1"></setting>
        <setting type="string" name="skin.qonfluence.HomeProgramButton2"></setting>
        <setting type="string" name="skin.qonfluence.HomeProgramButton3"></setting>
        <setting type="string" name="skin.qonfluence.HomeProgramButton4"></setting>
        <setting type="string" name="skin.qonfluence.HomeProgramButton5"></setting>
        <setting type="string" name="skin.qonfluence.HomeProgramButton6"></setting>
        <setting type="string" name="skin.qonfluence.HomeProgramButton7"></setting>
        <setting type="string" name="skin.qonfluence.CustomFavourite31.Label"></setting>
        <setting type="string" name="skin.qonfluence.CustomFavourite31.thumb"></setting>
        <setting type="string" name="skin.qonfluence.CustomFavourite31.icon"></setting>
        <setting type="string" name="skin.qonfluence.CustomFavourite32.Label"></setting>
        <setting type="string" name="skin.qonfluence.CustomFavourite32.thumb"></setting>
        <setting type="string" name="skin.qonfluence.CustomFavourite32.icon"></setting>
        <setting type="string" name="skin.qonfluence.CustomFavourite33.Label"></setting>
        <setting type="string" name="skin.qonfluence.CustomFavourite33.thumb"></setting>
        <setting type="string" name="skin.qonfluence.CustomFavourite33.icon"></setting>
        <setting type="string" name="skin.qonfluence.CustomFavourite34.Label"></setting>
        <setting type="string" name="skin.qonfluence.CustomFavourite34.thumb"></setting>
        <setting type="string" name="skin.qonfluence.CustomFavourite34.icon"></setting>
        <setting type="string" name="skin.qonfluence.CustomFavourite35.Label"></setting>
        <setting type="string" name="skin.qonfluence.CustomFavourite35.thumb"></setting>
        <setting type="string" name="skin.qonfluence.CustomFavourite35.icon"></setting>
        <setting type="string" name="skin.qonfluence.CustomFavourite36.Label"></setting>
        <setting type="string" name="skin.qonfluence.CustomFavourite36.thumb"></setting>
        <setting type="string" name="skin.qonfluence.CustomFavourite36.icon"></setting>
        <setting type="string" name="skin.qonfluence.CustomFavourite37.Label"></setting>
        <setting type="string" name="skin.qonfluence.CustomFavourite37.thumb"></setting>
        <setting type="string" name="skin.qonfluence.CustomFavourite37.icon"></setting>
        <setting type="string" name="skin.qonfluence.Startup_Playlist_Path"></setting>
        <setting type="string" name="skin.qonfluence.LyricScript_Path">script.cu.lrclyrics</setting>
        <setting type="string" name="skin.qonfluence.MovieSearch">Jurassic World</setting>
        <setting type="string" name="skin.confluence.Startup_Playlist_Path"></setting>
        <setting type="string" name="skin.confluence.LyricScript_Path">script.cu.lrclyrics</setting>
        <setting type="string" name="skin.confluence.HomeProgramButton6"></setting>
        <setting type="string" name="skin.qonfluence.iSearch"></setting>
        <setting type="string" name="skin.qonfluence.PreviousiSearch"></setting>
        <setting type="string" name="skin.qonfluence.MusicSearch"></setting>
        <setting type="string" name="skin.qonfluence.ShowSearch"></setting>
        <setting type="string" name="skin.qonfluence.ExtendedSearch"></setting>
    </skinsettings>
    <viewstates>
        <musicfiles>
            <viewmode>66036</viewmode>
            <sortmethod>1</sortmethod>
            <sortorder>1</sortorder>
            <sortattributes>0</sortattributes>
        </musicfiles>
        <musiclastfm>
            <viewmode>65536</viewmode>
            <sortmethod>1</sortmethod>
            <sortorder>1</sortorder>
            <sortattributes>0</sortattributes>
        </musiclastfm>
        <musicnavalbums>
            <viewmode>65536</viewmode>
            <sortmethod>1</sortmethod>
            <sortorder>1</sortorder>
            <sortattributes>0</sortattributes>
        </musicnavalbums>
        <musicnavartists>
            <viewmode>65536</viewmode>
            <sortmethod>1</sortmethod>
            <sortorder>1</sortorder>
            <sortattributes>0</sortattributes>
        </musicnavartists>
        <musicnavsongs>
            <viewmode>65536</viewmode>
            <sortmethod>1</sortmethod>
            <sortorder>1</sortorder>
            <sortattributes>0</sortattributes>
        </musicnavsongs>
        <pictures>
            <viewmode>720896</viewmode>
            <sortmethod>1</sortmethod>
            <sortorder>1</sortorder>
            <sortattributes>0</sortattributes>
        </pictures>
        <programs>
            <viewmode>720896</viewmode>
            <sortmethod>1</sortmethod>
            <sortorder>1</sortorder>
            <sortattributes>0</sortattributes>
        </programs>
        <videofiles>
            <viewmode>66036</viewmode>
            <sortmethod>0</sortmethod>
            <sortorder>0</sortorder>
            <sortattributes>0</sortattributes>
        </videofiles>
        <videonavactors>
            <viewmode>65536</viewmode>
            <sortmethod>1</sortmethod>
            <sortorder>1</sortorder>
            <sortattributes>0</sortattributes>
        </videonavactors>
        <videonavepisodes>
            <viewmode>720896</viewmode>
            <sortmethod>21</sortmethod>
            <sortorder>1</sortorder>
            <sortattributes>0</sortattributes>
        </videonavepisodes>
        <videonavgenres>
            <viewmode>65536</viewmode>
            <sortmethod>1</sortmethod>
            <sortorder>1</sortorder>
            <sortattributes>0</sortattributes>
        </videonavgenres>
        <videonavmusicvideos>
            <viewmode>65536</viewmode>
            <sortmethod>1</sortmethod>
            <sortorder>1</sortorder>
            <sortattributes>0</sortattributes>
        </videonavmusicvideos>
        <videonavseasons>
            <viewmode>65536</viewmode>
            <sortmethod>1</sortmethod>
            <sortorder>1</sortorder>
            <sortattributes>0</sortattributes>
        </videonavseasons>
        <videonavtitles>
            <viewmode>65536</viewmode>
            <sortmethod>1</sortmethod>
            <sortorder>1</sortorder>
            <sortattributes>0</sortattributes>
        </videonavtitles>
        <videonavtvshows>
            <viewmode>65536</viewmode>
            <sortmethod>1</sortmethod>
            <sortorder>1</sortorder>
            <sortattributes>0</sortattributes>
        </videonavtvshows>
        <videonavyears>
            <viewmode>65536</viewmode>
            <sortmethod>1</sortmethod>
            <sortorder>1</sortorder>
            <sortattributes>0</sortattributes>
        </videonavyears>
    </viewstates>
    <audio>
        <mute>false</mute>
        <fvolumelevel>1.000000</fvolumelevel>
    </audio>
</settings>
