<favourites>
	<favourite name="1Channel Movies" thumb="special://home/addons/plugin.video.1channel/icon.png">ActivateWindow(10025,&quot;plugin://plugin.video.1channel/?mode=Search&amp;section=movies&amp;query=[%SF%]&amp;sf_options=fanart%3Dspecial%3A%2F%2Fhome%2Faddons%2Fplugin.video.1channel%2Ffanart.jpg&amp;desc%3DSearch+for+Movies+on+Primewire.ag+with+query:+[%SF%]%26_options_sf&quot;,return)</favourite>
	<favourite name="1Channel TV" thumb="special://home/addons/plugin.video.1channel/icon.png">ActivateWindow(10025,&quot;plugin://plugin.video.1channel/?mode=Search&amp;section=tv&amp;query=[%SF%]&amp;sf_options=fanart%3Dspecial%3A%2F%2Fhome%2Faddons%2Fplugin.video.1channel%2Ffanart.jpg&amp;desc%3DSearch+for+TVShows+on+Primewire.ag+with+query:+[%SF%]%26_options_sf&quot;,return)</favourite>
	<favourite name="123Movies All" thumb="special://home/addons/plugin.video.md123movies/icon.png">ActivateWindow(10025,&quot;plugin://plugin.video.md123movies/?description&amp;iconimage=&amp;mode=8&amp;name=[%SF%]&amp;url=url&amp;query=[%SF%]&amp;type=&amp;sf_options=fanart%3Dspecial%3A%2F%2Fhome%2Faddons%2Fplugin.video.md123movies%2Ffanart.jpg&amp;desc%3DSearch+123Movies+with+query:+[%SF%]%26_options_sf&quot;,return)</favourite>
	<favourite name="123Movies Movies" thumb="special://home/addons/plugin.video.md123movies/icon.png">ActivateWindow(10025,&quot;plugin://plugin.video.md123movies/?description&amp;iconimage=&amp;mode=8&amp;name=[%SF%]&amp;url=url&amp;query=[%SF%]&amp;type=movie&amp;sf_options=fanart%3Dspecial%3A%2F%2Fhome%2Faddons%2Fplugin.video.md123movies%2Ffanart.jpg&amp;desc%3DSearch+for+Movies+on+123Movies+with+query:+[%SF%]%26_options_sf&quot;,return)</favourite>
	<favourite name="123Movies TVShows" thumb="special://home/addons/plugin.video.md123movies/icon.png">ActivateWindow(10025,&quot;plugin://plugin.video.md123movies/?description&amp;iconimage=&amp;mode=8&amp;name=[%SF%]&amp;url=url&amp;query=[%SF%]&amp;type=tv&amp;sf_options=fanart%3Dspecial%3A%2F%2Fhome%2Faddons%2Fplugin.video.md123movies%2Ffanart.jpg&amp;desc%3DSearch+for+TVShows+on+123Movies+with+query:+[%SF%]%26_options_sf&quot;,return)</favourite>
	<favourite name="9Movies Movies" thumb="special://home/addons/plugin.video.md9movies/icon.png">ActivateWindow(10025,&quot;plugin://plugin.video.md9movies/?description&amp;iconimage=&amp;mode=1&amp;name=[%SF%]&amp;url=http%3A%2F%2F9movies.to%2Fsearch%3Fkeyword%3D[%SF%]&amp;sf_options=fanart%3Dspecial%3A%2F%2Fhome%2Faddons%2Fplugin.video.md9movies%2Ffanart.jpg&amp;desc%3DSearch+for+Movies+on+9Movies+with+query:+[%SF%]%26_options_sf&quot;,return)</favourite>
	<favourite name="9Movies TVShows" thumb="special://home/addons/plugin.video.md9movies/icon.png">ActivateWindow(10025,&quot;plugin://plugin.video.md9movies/?description&amp;iconimage=&amp;mode=2&amp;name=[%SF%]&amp;url=http%3A%2F%2F9movies.to%2Fsearch%3Fkeyword%3D[%SF%]&amp;sf_options=fanart%3Dspecial%3A%2F%2Fhome%2Faddons%2Fplugin.video.md9movies%2Ffanart.jpg&amp;desc%3DSearch+for+TVShows+on+9Movies+with+query:+[%SF%]%26_options_sf&quot;,return)</favourite>
	<favourite name=".F.U.B.A.R." thumb="special://home/addons/plugin.video.mdfubar/icon.png">ActivateWindow(10025,&quot;plugin://plugin.video.mdfubar/?description&amp;iconimage&amp;mode=9&amp;name=&amp;query=[%SF%]&amp;type=&amp;level=5&amp;url=url&amp;sf_options=fanart%3Dspecial%3A%2F%2Fhome%2Faddons%2Fplugin.video.mdfubar%2Ffanart.jpg&amp;desc%3DSearch+.F.U.B.A.R.+with+query:+[%SF%]%26_options_sf&quot;,return)</favourite>
	<favourite name="Afdah" thumb="special://home/addons/plugin.video.mdafdah/icon.png">ActivateWindow(10025,&quot;plugin://plugin.video.mdafdah/?description&amp;iconimage=&amp;mode=1&amp;name=&amp;url=http%3A%2F%2Fafdah.org%2Fresults%3Fq%3D[%SF%]&amp;sf_options=fanart%3Dspecial%3A%2F%2Fhome%2Faddons%2Fplugin.video.mdafdah%2Ffanart.jpg&amp;desc%3DSearch+Afdah+with+query:+[%SF%]%26_options_sf&quot;,return)</favourite>
	<favourite name="Apple iTunes Podcasts" thumb="special://home/addons/plugin.video.itunes_podcasts/icon.png">ActivateWindow(10025,&quot;plugin://plugin.video.itunes_podcasts/*/podcasts/search/[%SF%]/?sf_options=fanart%3Dhttp%3A%2F%2Forig04.deviantart.net%2Ffd63%2Ff%2F2015%2F184%2F8%2F1%2Fitunes_wallpaper___new_logo_itunes_12_2__by_ianpk-d8zt7k6.png&amp;desc%3DSearch+iTunes+Podcasts+with+query:+[%SF%]%26_options_sf&quot;,return)</favourite>
	<favourite name="Break Videos" thumb="special://home/addons/plugin.video.break_com/icon.png">ActivateWindow(10025,&quot;plugin://plugin.video.break_com/search/query/?q=[%SF%]&amp;sf_options=fanart%3Dspecial%3A%2F%2Fhome%2Faddons%2Fplugin.video.break_com%2Ffanart.jpg&amp;desc%3DSearch+Break.com+with+query:+[%SF%]%26_options_sf&quot;,return)</favourite>
	<favourite name="CBSnews.com" thumb="special://home/addons/plugin.video.cbsnews_com/icon.png">ActivateWindow(10025,&quot;plugin://plugin.video.cbsnews_com/?mode=listVideos&amp;offset=0&amp;type=search&amp;value=[%SF%]&amp;sf_options=fanart%3Dhttp%3A%2F%2Fwww.cbspressexpress.com%2Fimages%2Freleases%2Fdocimages%2F9605%2F246944-421339%2F0564d4ec4885448fc55b26b11c1ae743.png&amp;desc%3DSearch+CBSnews.com+with+query:+[%SF%]%26_options_sf&quot;,return)</favourite>
	<favourite name="Engineering TV" thumb="special://home/addons/plugin.video.engineeringtv/icon.png">ActivateWindow(10025,&quot;plugin://plugin.video.engineeringtv/?action=Videos&amp;url=/search/?search=[%SF%]&amp;sf_options=fanart%3Dspecial%3A%2F%2Fhome%2Faddons%2Fplugin.video.engineeringtv%2Ffanart.jpg&amp;desc%3DSearch+EngineeringTV.com+with+query:+[%SF%]%26_options_sf&quot;,return)</favourite>
	<favourite name="Exodus TV" thumb="special://home/addons/plugin.video.exodus/icon.png">ActivateWindow(10025,&quot;plugin://plugin.video.exodus/?action=tvSearch&amp;query=[%SF%]&amp;sf_options=fanart%3Dspecial%3A%2F%2Fhome%2Faddons%5Cscript.exodus.artwork%5Cresources%5Cmedia%5Cexodus%5Cfanart.jpg%26_options_sf&quot;,return)</favourite>
	<favourite name="Exodus TV (by Actor)" thumb="special://home/addons/plugin.video.exodus/icon.png">ActivateWindow(10025,&quot;plugin://plugin.video.exodus/?action=tvPerson&amp;query=[%SF%]&amp;sf_options=fanart%3Dspecial%3A%2F%2Fhome%2Faddons%2Fplugin.video.exodus%2Ffanart.jpg&amp;desc%3DSearch+for+TV+by+Actor+on+Exodus+with+query:+[%SF%]%26_options_sf&quot;,return)</favourite>
	<favourite name="Exodus Movies" thumb="special://home/addons/plugin.video.exodus/icon.png">ActivateWindow(10025,&quot;plugin://plugin.video.exodus/?action=movieSearch&amp;query=[%SF%]&amp;sf_options=fanart%3Dspecial%3A%2F%2Fhome%2Faddons%2Fplugin.video.exodus%2Ffanart.jpg&amp;desc%3DSearch+for+Movie+on+Exodus+with+query:+[%SF%]%26_options_sf&quot;,return)</favourite>
	<favourite name="Exodus Movies (by Actor)" thumb="special://home/addons/plugin.video.exodus/icon.png">ActivateWindow(10025,&quot;plugin://plugin.video.exodus/?action=moviePerson&amp;query=[%SF%]&amp;sf_options=fanart%3Dspecial%3A%2F%2Fhome%2Faddons%2Fplugin.video.exodus%2Ffanart.jpg&amp;desc%3DSearch+for+Movies+by+Actor+on+Exodus+with+query:+[%SF%]%26_options_sf&quot;,return)</favourite>
	<favourite name="Funnier Moments" thumb="special://home/addons/plugin.video.funniermoments/icon.png">ActivateWindow(10025,&quot;plugin://plugin.video.funniermoments/?image=C%3A%2FDocuments%20and%20Settings%2FSeanP%2FApplication%20Data%2FXBMC%2Faddons%2Fplugin.video.funniermoments%2Fresources%2Fartwork%2Fsearch.png&amp;mode=800&amp;page=1&amp;title=Search%20Moments&amp;keyword=[%SF%]&amp;sf_options=fanart%3Dhttp%3A%2F%2Fhivewallpaper.com%2Fwallpaper%2F2015%2F03%2Fhanna-barbera-cartoons-27-high-resolution-wallpaper.jpg&amp;desc%3DSearch+FunnierMoments.com+with+query:+[%SF%]%26_options_sf&quot;,return)</favourite>
	<favourite name="Genesis TV" thumb="special://home/addons/plugin.video.genesis/icon.png">ActivateWindow(10025,&quot;plugin://plugin.video.genesis/?action=tvSearch&amp;query=[%SF%]&amp;sf_options=fanart%3Dspecial%3A%2F%2Fhome%2Faddons%2Fplugin.video.genesis%2Ffanart.jpg&amp;desc%3DSearch+for+TVShow+on+Genesis+with+query:+[%SF%]%26_options_sf&quot;,return)</favourite>
	<favourite name="Genesis TV (by Actor)" thumb="special://home/addons/plugin.video.genesis/icon.png">ActivateWindow(10025,&quot;plugin://plugin.video.genesis/?action=tvPerson&amp;query=[%SF%]&amp;sf_options=fanart%3Dspecial%3A%2F%2Fhome%2Faddons%2Fplugin.video.genesis%2Ffanart.jpg&amp;desc%3DSearch+for+TV+by+Actor+on+Genesis+with+query:+[%SF%]%26_options_sf&quot;,return)</favourite>
	<favourite name="Genesis Movies" thumb="special://home/addons/plugin.video.genesis/icon.png">ActivateWindow(10025,&quot;plugin://plugin.video.genesis/?action=movieSearch&amp;query=[%SF%]&amp;sf_options=fanart%3Dspecial%3A%2F%2Fhome%2Faddons%2Fplugin.video.genesis%2Ffanart.jpg&amp;desc%3DSearch+for+Movie+on+Genesis+with+query:+[%SF%]%26_options_sf&quot;,return)</favourite>
	<favourite name="Genesis Movies (by Actor)" thumb="special://home/addons/plugin.video.genesis/icon.png">ActivateWindow(10025,&quot;plugin://plugin.video.genesis/?action=moviePerson&amp;query=[%SF%]&amp;sf_options=fanart%3Dspecial%3A%2F%2Fhome%2Faddons%2Fplugin.video.genesis%2Ffanart.jpg&amp;desc%3DSearch+for+Movies+by+Actor+on+Genesis+with+query:+[%SF%]%26_options_sf&quot;,return)</favourite>
	<favourite name="GenVideos" thumb="special://home/addons/plugin.video.mdgenvideos/icon.png">ActivateWindow(10025,&quot;plugin://plugin.video.mdgenvideos/?description&amp;iconimage=&amp;mode=1&amp;name=&amp;url=http%3A%2F%2Fgenvideos.org%2Fresults%3Fq%3D[%SF%]&amp;sf_options=fanart%3Dspecial%3A%2F%2Fhome%2Faddons%2Fplugin.video.mdgenvideos%2Ffanart.jpg&amp;desc%3DSearch+GenVideos+with+query:+[%SF%]%26_options_sf&quot;,return)</favourite>
	<favourite name="HD-Movie14" thumb="special://home/addons/plugin.video.mdhdmovie14/icon.png">ActivateWindow(10025,&quot;plugin://plugin.video.mdhdmovie14/?description&amp;iconimage=&amp;mode=1&amp;name=&amp;url=http%3A%2F%2Fhdmovie14.net%2Fsearch%3Fkey%3D[%SF%]&amp;sf_options=fanart%3Dspecial%3A%2F%2Fhome%2Faddons%2Fplugin.video.mdhdmovie14%2Ffanart.jpg&amp;desc%3DSearch+HD-Movie14+with+query:+[%SF%]%26_options_sf&quot;,return)</favourite>
	<favourite name="Icefilms" thumb="special://home/addons/plugin.video.icefilms/icon.png">ActivateWindow(10025,&quot;plugin://plugin.video.icefilms/?mode=5555&amp;name=Search&amp;url=http%3A%2F%2Fwww.icefilms.info%2F&amp;nextPage=0&amp;search=[%SF%]&amp;sf_options=fanart%3Dspecial%3A%2F%2Fhome%2Faddons%2Fplugin.video.icefilms%2Ffanart.jpg&amp;desc%3DSearch+Icefilms.info+with+query:+[%SF%]%26_options_sf&quot;,return)</favourite>
	<favourite name="IGN.com" thumb="special://home/addons/plugin.video.ign_com/icon.png">ActivateWindow(10025,&quot;plugin://plugin.video.ign_com/?mode=list_search_results&amp;url=http%3A%2F%2Fwww.ign.com%2Fsearch?q%3D[%SF%]&amp;page%3D0&amp;count%3D10&amp;type%3Dvideo&amp;sf_options=fanart%3Dhttp%3A%2F%2Fi0.wp.com%2Fgallsource.com%2Fwp-content%2Fuploads%2F2014%2F09%2FFinal-Fantasy-Xiv-Screenshots-Pc-Ign-HD-Wallpapers-1920x1080.jpg?&amp;desc%3DSearch+IGN.com+with+query:+[%SF%]%26_options_sf&quot;,return)</favourite>
	<favourite name="iPlayer (BBC)" thumb="special://home/addons/plugin.video.bbciplayer/icon.png">ActivateWindow(10025,&quot;plugin://plugin.video.bbciplayer/?IPID&amp;description&amp;iconimage&amp;mode=9&amp;name=Search&amp;url=[%SF%]&amp;sf_options=fanart%3Dhttp%3A%2F%2Fultimategamingparadise.com%2Fwp-content%2Fuploads%2F2014%2F01%2Fbbc_iplayer.jpg&amp;desc%3DSearch+BBC+iPlayer+with+query:+[%SF%]%26_options_sf&quot;,return)</favourite>
	<favourite name="iPlayer" thumb="special://home/addons/plugin.video.iplayer/resources/icon.png">ActivateWindow(10025,&quot;plugin://plugin.video.iplayer/?label=[%SF%]&amp;listing=search&amp;tvradio=tv&amp;sf_options=fanart%3Dspecial%3A%2F%2Fhome%2Faddons%2Fplugin.video.iplayer%2Ffanart.jpg&amp;desc%3DSearch+iPlayer+with+query:+[%SF%]%26_options_sf&quot;,return)</favourite>
	<favourite name="iPlayer WWW" thumb="special://home/addons/plugin.video.iplayerwww/icon.png">ActivateWindow(10025,&quot;plugin://plugin.video.iplayerwww/?mode=104&amp;url=url&amp;keyword=[%SF%]&amp;sf_options=fanart%3Dspecial%3A%2F%2Fhome%2Faddons%2Fplugin.video.iplayerwww%2Ffanart.jpg&amp;desc%3DSearch+iPlayer+WWW+with+query:+[%SF%]%26_options_sf&quot;,return)</favourite>
	<favourite name="iSTREAM Movies" thumb="special://home/addons/script.icechannel/icon.png">ActivateWindow(10025,&quot;plugin://script.icechannel/?indexer=movies&amp;indexer_id&amp;mode=search&amp;search_term=[%SF%]&amp;section=search&amp;type=movies&amp;sf_options=fanart%3Dspecial%3A%2F%2Fhome%2Faddons%2Fscript.icechannel%2Ffanart.jpg&amp;desc%3DSearch+for+Movie+on+iSTREAM+with+query:+[%SF%]%26_options_sf&quot;,return)</favourite>
	<favourite name="iSTREAM TV Shows" thumb="special://home/addons/script.icechannel/icon.png">ActivateWindow(10025,&quot;plugin://script.icechannel/?indexer=tv_shows&amp;indexer_id&amp;mode=search&amp;search_term=[%SF%]&amp;section=search&amp;type=tv_shows&amp;sf_options=fanart%3Dspecial%3A%2F%2Fhome%2Faddons%2Fscript.icechannel%2Ffanart.jpg&amp;desc%3DSearch+for+TV+Show+on+iSTREAM+with+query:+[%SF%]%26_options_sf&quot;,return)</favourite>
	<favourite name="iSTREAM Live TV" thumb="special://home/addons/script.icechannel/icon.png">ActivateWindow(10025,&quot;plugin://script.icechannel/?indexer=live_tv&amp;indexer_id&amp;mode=search&amp;search_term=[%SF%]&amp;section=search&amp;type=live_tv&amp;sf_options=fanart%3Dspecial%3A%2F%2Fhome%2Faddons%2Fscript.icechannel%2Ffanart.jpg&amp;desc%3DSearch+for+Live+TV+on+iSTREAM+with+query:+[%SF%]%26_options_sf&quot;,return)</favourite>
	<favourite name="izle" thumb="special://home/addons/plugin.video.mdizle/icon.png">ActivateWindow(10025,&quot;plugin://plugin.video.mdizle/?description&amp;iconimage=&amp;mode=1&amp;name=&amp;url=http%3A%2F%2Fizlemeyedeger.com%2Farama%3Fq%3D[%SF%]&amp;sf_options=fanart%3Dspecial%3A%2F%2Fhome%2Faddons%2Fplugin.video.mdizle%2Ffanart.jpg&amp;desc%3DSearch+izle+with+query:+[%SF%]%26_options_sf&quot;,return)</favourite>
	<favourite name="MD.Watchseries" thumb="special://home/addons/plugin.video.mdws/icon.png">ActivateWindow(10025,&quot;plugin://plugin.video.mdws/?mode=12&amp;name=&amp;url=[%SF%]&amp;sf_options=fanart%3Dspecial%3A%2F%2Fhome%2Faddons%2Fplugin.video.mdws%2Ffanart.jpg&amp;desc%3DSearch+MD.Watchseries+with+query:+[%SF%]%26_options_sf&quot;,return)</favourite>
	<favourite name="PFTV Search All" thumb="special://home/addons/plugin.video.projectfreetv/icon.png">ActivateWindow(10025,&quot;plugin://plugin.video.projectfreetv/?mode=search&amp;section=all&amp;name=[%SF%]&amp;sf_options=fanart%3Dspecial%3A%2F%2Fhome%2Faddons%2Fplugin.video.projectfreetv%2Ffanart.jpg&amp;desc%3DSearch+for+All+on+Project+Free+TV+with+query:+[%SF%]%26_options_sf&quot;,return)</favourite>
	<favourite name="PFTV Movies" thumb="special://home/addons/plugin.video.projectfreetv/icon.png">ActivateWindow(10025,&quot;plugin://plugin.video.projectfreetv/?mode=search&amp;section=movies&amp;name=[%SF%]&amp;sf_options=fanart%3Dspecial%3A%2F%2Fhome%2Faddons%2Fplugin.video.projectfreetv%2Ffanart.jpg&amp;desc%3DSearch+for+Movies+on+Project+Free+TV+with+query:+[%SF%]%26_options_sf&quot;,return)</favourite>
	<favourite name="PFTV TV Shows" thumb="special://home/addons/plugin.video.projectfreetv/icon.png">ActivateWindow(10025,&quot;plugin://plugin.video.projectfreetv/?mode=search&amp;section=shows&amp;name=[%SF%]&amp;sf_options=fanart%3Dspecial%3A%2F%2Fhome%2Faddons%2Fplugin.video.projectfreetv%2Ffanart.jpg&amp;desc%3DSearch+for+Shows+on+Project+Free+TV+with+query:+[%SF%]%26_options_sf&quot;,return)</favourite>
	<favourite name="Phoenix" thumb="special://home/addons/plugin.video.phstreams/icon.png">ActivateWindow(10025,&quot;plugin://plugin.video.phstreams/?action=searchDirectory2&amp;audio=0&amp;content=0&amp;fanart=special%3A%2F%2Fhome%2Faddons%2Fplugin.video.phstreams%2Ffanart.jpg&amp;image=special%3A%2F%2Fhome%2Faddons%2Fplugin.video.phstreams%2Ficon.png&amp;name=[%SF%]&amp;playable=false&amp;tvshow=0&amp;url=[%SF%]&amp;sf_options=fanart%3Dspecial%3A%2F%2Fhome%2Faddons%2Fplugin.video.phstreams%2Ffanart.jpg&amp;desc%3DSearch+Phoenix+with+query:+[%SF%]%26_options_sf&quot;,return)</favourite>
	<favourite name="PubFilms" thumb="special://home/addons/plugin.video.mdpubfilm/icon.png">ActivateWindow(10025,&quot;plugin://plugin.video.mdpubfilm/?description&amp;iconimage=&amp;mode=1&amp;name=&amp;url=http%3A%2F%2Fpubfilm.com%2F%3Fs%3D[%SF%]&amp;sf_options=fanart%3Dspecial%3A%2F%2Fhome%2Faddons%2Fplugin.video.mdpubfilm%2Ffanart.jpg&amp;desc%3DSearch+Pubfilms+with+query:+[%SF%]%26_options_sf&quot;,return)</favourite>
	<favourite name="Pulsar TV Shows" thumb="special://home/addons/plugin.video.pulsar/icon.png">ActivateWindow(10025,&quot;plugin://plugin.video.pulsar/shows/search?q=[%SF%]&amp;sf_options=fanart%3Dspecial%3A%2F%2Fhome%2Faddons%2Fplugin.video.pulsar%2Ffanart.jpg&amp;desc%3DSearch+for+TVShow+on+Pulsar+with+query:+[%SF%]%26_options_sf&quot;,return)</favourite>
	<favourite name="Pulsar Movies" thumb="special://home/addons/plugin.video.pulsar/icon.png">ActivateWindow(10025,&quot;plugin://plugin.video.pulsar/movies/search?q=[%SF%]&amp;sf_options=fanart%3Dspecial%3A%2F%2Fhome%2Faddons%2Fplugin.video.pulsar%2Ffanart.jpg&amp;desc%3DSearch+for+Movie+on+Pulsar+with+query:+[%SF%]%26_options_sf&quot;,return)</favourite>
	<favourite name="Reddit.com" thumb="special://home/addons/plugin.video.reddit_tv/icon.png">ActivateWindow(10025,&quot;plugin://plugin.video.reddit_tv/?mode=listSorting&amp;url=[%SF%]&amp;sf_options=fanart%3Dhttp%3A%2F%2Fi.imgur.com%2FiDJeDI7.jpg&amp;desc%3DSearch+Reddit.com+with+query:+[%SF%]%26_options_sf&quot;,return)</favourite>
	<favourite name="Red Bull TV" thumb="special://home/addons/plugin.video.redbull.tv/icon.png">ActivateWindow(10025,&quot;plugin://plugin.video.redbull.tv/kodion/search/query/?q=[%SF%]&amp;sf_options=fanart%3Dspecial%3A%2F%2Fhome%2Faddons%2Fplugin.video.redbull.tv%2Ffanart.jpg&amp;desc%3DSearch+Redbull.tv+with+query:+[%SF%]%26_options_sf&quot;,return)</favourite>
	<favourite name="SALTS Movies" thumb="special://home/addons/plugin.video.salts/icon.png">ActivateWindow(10025,&quot;plugin://plugin.video.salts/?query=[%SF%]&amp;section=Movies&amp;mode=search_results&amp;sf_options=fanart%3Dspecial%3A%2F%2Fhome%2Faddons%2Fplugin.video.salts%2Ffanart.jpg&amp;desc%3DSearch+for+Movies+on+Stream+All+The+Sources+with+query:+[%SF%]%26_options_sf&quot;,return)</favourite>
	<favourite name="SALTS TV Shows" thumb="special://home/addons/plugin.video.salts/icon.png">ActivateWindow(10025,&quot;plugin://plugin.video.salts/?query=[%SF%]&amp;section=TV&amp;mode=search_results&amp;sf_options=fanart%3Dspecial%3A%2F%2Fhome%2Faddons%2Fplugin.video.salts%2Ffanart.jpg&amp;desc%3DSearch+for+TVShows+on+Stream+All+The+Sources+with+query:+[%SF%]%26_options_sf&quot;,return)</favourite>
	<favourite name="Salts HD Lite Movies" thumb="special://home/addons/plugin.video.saltshd.lite/icon.png">ActivateWindow(10025,&quot;plugin://plugin.video.saltshd.lite/?query=[%SF%]&amp;section=Movies&amp;mode=search_results&amp;sf_options=fanart%3Dspecial%3A%2F%2Fhome%2Faddons%2Fplugin.video.salts%2Ffanart.jpg&amp;desc%3DSearch+for+Movies+on+Stream+All+The+Sources+with+query:+[%SF%]%26_options_sf&quot;,return)</favourite>
	<favourite name="Salts HD Lite TV Shows" thumb="special://home/addons/plugin.video.saltshd.lite/icon.png">ActivateWindow(10025,&quot;plugin://plugin.video.saltshd.lite/?query=[%SF%]&amp;section=TV&amp;mode=search_results&amp;sf_options=fanart%3Dspecial%3A%2F%2Fhome%2Faddons%2Fplugin.video.salts%2Ffanart.jpg&amp;desc%3DSearch+for+TVShows+on+Stream+All+The+Sources+with+query:+[%SF%]%26_options_sf&quot;,return)</favourite>
	<favourite name="Specto TV" thumb="special://home/addons/plugin.video.specto/icon.png">ActivateWindow(10025,&quot;plugin://plugin.video.specto/?action=tvSearch&amp;query=[%SF%]&amp;sf_options=fanart%3Dspecial%3A%2F%2Fhome%2Faddons%2Fplugin.video.specto%2Ffanart.jpg&amp;desc%3DSearch+for+TVShow+on+Specto+with+query:+[%SF%]%26_options_sf&quot;,return)</favourite>
	<favourite name="Specto TV (by Actor)" thumb="special://home/addons/plugin.video.specto/icon.png">ActivateWindow(10025,&quot;plugin://plugin.video.specto/?action=tvPerson&amp;query=[%SF%]&amp;sf_options=fanart%3Dspecial%3A%2F%2Fhome%2Faddons%2Fplugin.video.specto%2Ffanart.jpg&amp;desc%3DSearch+for+TV+by+Actor+on+Specto+with+query:+[%SF%]%26_options_sf&quot;,return)</favourite>
	<favourite name="Specto Movies" thumb="special://home/addons/plugin.video.specto/icon.png">ActivateWindow(10025,&quot;plugin://plugin.video.specto/?action=movieSearch&amp;query=[%SF%]&amp;sf_options=fanart%3Dspecial%3A%2F%2Fhome%2Faddons%2Fplugin.video.specto%2Ffanart.jpg&amp;desc%3DSearch+for+Movie+on+Specto+with+query:+[%SF%]%26_options_sf&quot;,return)</favourite>
	<favourite name="Specto Movies (by Actor)" thumb="special://home/addons/plugin.video.specto/icon.png">ActivateWindow(10025,&quot;plugin://plugin.video.specto/?action=moviePerson&amp;query=[%SF%]&amp;sf_options=fanart%3Dspecial%3A%2F%2Fhome%2Faddons%2Fplugin.video.specto%2Ffanart.jpg&amp;desc%3DSearch+for+Movies+by+Actor+on+Specto+with+query:+[%SF%]%26_options_sf&quot;,return)</favourite>
	<favourite name="Super Cartoons" thumb="special://home/addons/plugin.video.supercartoons/icon.png">ActivateWindow(10025,&quot;plugin://plugin.video.supercartoons/?image=special%3A%2F%2Fhome%2Faddons%2Fplugin.video.supercartoons%2Fresources%2Fartwork%2Fsearch.png&amp;mode=1100&amp;page=1&amp;title=Search&amp;keyword=[%SF%]&amp;sf_options=fanart%3Dspecial%3A%2F%2Fhome%2Faddons%2Fplugin.video.supercartoons%2Ffanart.jpg&amp;desc%3DSearch+Super+Cartoons+with+query:+[%SF%]%26_options_sf&quot;,return)</favourite>
	<favourite name="TED Talks" thumb="special://home/addons/plugin.video.ted.talks/icon.png">ActivateWindow(10025,&quot;plugin://plugin.video.ted.talks/?mode=searchMore&amp;search_term=[%SF%]&amp;page=0&amp;sf_options=fanart%3Dhttps%3A%2F%2Fi.vimeocdn.com%2Fvideo%2F492119785.jpg&amp;desc%3DSearch+TED.com+with+query:+[%SF%]%26_options_sf&quot;,return)</favourite>
	<favourite name="TheHollywoodReporter" thumb="special://home/addons/plugin.video.hollywoodreporter/icon.png">ActivateWindow(10025,&quot;plugin://plugin.video.hollywoodreporter/search/[%SF%]/?page=0&amp;sf_options=fanart%3Dhttps%3A%2F%2Fupload.wikimedia.org%2Fwikipedia%2Fcommons%2Fthumb%2F4%2F42%2FThe_Hollywood_Reporter_logo.svg%2F2000px-The_Hollywood_Reporter_logo.svg.png&amp;desc%3DSearch+Hollywoodreporter.com+with+query:+[%SF%]%26_options_sf&quot;,return)</favourite>
	<favourite name="TIME.com" thumb="special://home/addons/plugin.video.time_com/icon.png">ActivateWindow(10025,&quot;plugin://plugin.video.time_com/?mode=listVideos&amp;url=http%3A%2F%2Fapi.brightcove.com%2Fservices%2Flibrary%3fcommand%3dfind_videos_by_text%26text%3d[%SF%]%26get_item_count%3dtrue%26page_number%3d0%26page_size%3d50%26video_fields%3did%2cname%2cthumbnailURL%2creferenceId%2cshortDescription%2clongDescription%2ctags%2clength%26custom_fields%3drelatedtopics%2cvideoredirect%26callback%3d%26token%3dSvy7-e9mdkTCJdeOamQnB3soRQtQLA6s1Ypb2wtmE2g.&amp;sf_options=fanart%3Dhttps%3A%2F%2Fgeoloqi.com%2Fimg%2Flogos%2Ftime.com.png&amp;desc%3DSearch+Time.com+with+query:+[%SF%]%26_options_sf&quot;,return)</favourite>
	<favourite name="TwitchTV" thumb="special://home/addons/plugin.video.twitchtv/icon.png">ActivateWindow(10025,&quot;plugin://plugin.video.twitch/searchresults/[%SF%]/0/&amp;sf_options=fanart%3Dhttps%3A%2F%2Fi.ytimg.com%2Fvi%2FxMuDVugJuow%2Fmaxresdefault.jpg&amp;desc%3DSearch+Twitch.tv+with+query:+[%SF%]%26_options_sf&quot;,return)</favourite>
	<favourite name="Velocity Movies" thumb="special://home/addons/plugin.video.velocity/icon.png">ActivateWindow(10025,&quot;plugin://plugin.video.velocity/?media&amp;movie_title&amp;name&amp;thumb=&amp;trakt_id&amp;url=[%SF%]&amp;mode=trakt_search_movies&quot;,return)</favourite>
	<favourite name="Velocity TVShows" thumb="special://home/addons/plugin.video.velocity/icon.png">ActivateWindow(10025,&quot;plugin://plugin.video.velocity/?media&amp;movie_title&amp;name&amp;thumb=&amp;trakt_id&amp;url=[%SF%]&amp;mode=trakt_search_shows&quot;,return)</favourite>
	<favourite name="Vevo" thumb="special://home/addons/plugin.video.myvevo/icon.png">ActivateWindow(10025,&quot;plugin://plugin.video.myvevo/?mode=GD&amp;url=https%3A%2F%2Fapiv2.vevo.com%2Fsearch%3fq%3d[%SF%]%26Limit%3d25%26videosLimit%3d25%26skippedVideos%3d0%26token%3d%s&amp;sf_options=fanart%3Dspecial%3A%2F%2Fhome%2Faddons%2Fplugin.video.myvevo%2Ffanart.jpg&amp;desc%3DSearch+Vevo.com+with+query:+[%SF%]%26_options_sf&quot;,return)</favourite>
	<favourite name="Vevo TV" thumb="special://home/addons/plugin.video.vevo_tv/icon.png">ActivateWindow(12000,&quot;plugin://plugin.video.vevo_tv/?mode=addArtistChannel&amp;shuffled=false&amp;name=[%SF%]&amp;f_options=fanart%3Dhttp%3A%2F%2Fdapacage.com%2Fwp-content%2Fuploads%2F2014%2F10%2Fvevo.jpg&amp;desc%3DSearch+Vevo+TV+with+query:+[%SF%]%26_options_sf&quot;,return)</favourite>
	<favourite name="Vimeo" thumb="special://home/addons/plugin.video.vimeo/icon.png">ActivateWindow(10025,&quot;plugin://plugin.video.vimeo/kodion/search/query/?q=[%SF%]&amp;sf_options=fanart%3Dspecial%3A%2F%2Fhome%2Faddons%2Fplugin.video.vimeo%2Ffanart.jpg&amp;desc%3DSearch+Vimeo.com+with+query:+[%SF%]%26_options_sf&quot;,return)</favourite>
	<favourite name="Vine" thumb="special://home/addons/plugin.video.vine/icon.png">ActivateWindow(10025,&quot;plugin://plugin.video.vine/?page=%2Ftag%2F[%SF%]%2F2&amp;provider=Vine&amp;sf_options=fanart%3Dspecial%3A%2F%2Fhome%2Faddons%2Fplugin.video.vine%2Ffanart.jpg&amp;desc%3DSearch+Vine.com+with+query:+[%SF%]%26_options_sf&quot;,return)</favourite>
	<favourite name="Vodlocker" thumb="special://home/addons/plugin.video.mdvodlocker/icon.png">ActivateWindow(10025,&quot;plugin://plugin.video.mdvodlocker/?description&amp;iconimage=&amp;mode=46&amp;name=&amp;url=url&amp;query=[%SF%]&amp;sf_options=fanart%3Dspecial%3A%2F%2Fhome%2Faddons%2Fplugin.video.mdvodlocker%2Ffanart.jpg&amp;desc%3DSearch+Vodlocker+with+query:+[%SF%]%26_options_sf&quot;,return)</favourite>
	<favourite name="Watch32HD" thumb="special://home/addons/plugin.video.mdwatch32hd/icon.png">ActivateWindow(10025,&quot;plugin://plugin.video.mdwatch32hd/?description&amp;iconimage=&amp;mode=1&amp;name=&amp;url=http%3A%2F%2Fwatch32hd.co%2Fresults%3Fq%3D[%SF%]&amp;sf_options=fanart%3Dspecial%3A%2F%2Fhome%2Faddons%2Fplugin.video.mdwatch32hd%2Ffanart.jpg&amp;desc%3DSearch+Watch32HD+with+query:+[%SF%]%26_options_sf&quot;,return)</favourite>
	<favourite name="We Watch Wrestling" thumb="special://home/addons/plugin.video.mdwww/icon.png">ActivateWindow(10025,&quot;plugin://plugin.video.mdwww/?description&amp;iconimage=&amp;mode=8&amp;name=&amp;url=http%3A%2F%2Fwatchwrestling.club%2F%3Fs%3D[%SF%]&amp;sf_options=fanart%3Dspecial%3A%2F%2Fhome%2Faddons%2Fplugin.video.mdwww%2Ffanart.jpg&amp;desc%3DSearch+We+Watch+Wrestling+with+query:+[%SF%]%26_options_sf&quot;,return)</favourite>
	<favourite name="Wimp.com" thumb="special://home/addons/plugin.video.wimp/icon.png">ActivateWindow(10025,&quot;plugin://plugin.video.wimp/search/[%SF%]?sf_options=fanart%3Dhttp%3A%2F%2Fwww.sporthotelideal.at%2Fbilder%2Flightboxbilder%2Fkinderskischule%2Fkinderschischule-hochgurgl.jpg&amp;desc%3DSearch+Wimp.com+with+query:+[%SF%]%26_options_sf&quot;,return)</favourite>
	<favourite name="World Star Hip Hop" thumb="special://home/addons/plugin.video.worldstarhiphop/icon.png">ActivateWindow(10025,&quot;plugin://plugin.video.worldstarhiphop/?action=search&amp;next_page_possible=True&amp;plugin_category=WorldStarHipHop.com&amp;url=http%3A%2F%2Fwww.worldstarhiphop.com%2Fvideos%2Fsearch.php%3fs%3d[%SF%]%26start%3d001&amp;sf_options=fanart%3Dspecial%3A%2F%2Fhome%2Faddons%2Fplugin.video.worldstarhiphop%2Ffanart.jpg&amp;desc%3DSearch+WorldStarHipHop.com+with+query:+[%SF%]%26_options_sf&quot;,return)</favourite>
	<favourite name="XBMCtorrent" thumb="special://home/addons/plugin.video.xbmctorrent/icon.png">ActivateWindow(10025,&quot;plugin://plugin.video.xbmctorrent/tpb/search?query=[%SF%]&amp;sf_options=fanart%3Dspecial%3A%2F%2Fhome%2Faddons%2Fplugin.video.xbmctorrent%2Ffanart.jpg&amp;desc%3DSearch+XBMCTorrent+with+query:+[%SF%]%26_options_sf&quot;,return)</favourite>
	<favourite name="YouTube 4.x.x" thumb="special://home/addons/plugin.video.youtube/icon.png">ActivateWindow(10025,&quot;plugin://plugin.video.youtube/?feed=search&amp;path=%2Froot%2Fsearch&amp;search=[%SF%]&amp;sf_options=fanart%3Dspecial%3A%2F%2Fhome%2Faddons%2Fplugin.video.youtube%2Ffanart.jpg&amp;desc%3DSearch+Youtube.com+with+query:+[%SF%]%26_options_sf&quot;,return)</favourite>
	<favourite name="YouTube 5.x.x" thumb="special://home/addons/plugin.video.youtube/icon.png">ActivateWindow(10025,&quot;plugin://plugin.video.youtube/kodion/search/query/?q=[%SF%]&amp;sf_options=fanart%3Dspecial%3A%2F%2Fhome%2Faddons%2Fplugin.video.youtube%2Ffanart.jpg&amp;desc%3DSearch+Youtube.com+with+query:+[%SF%]%26_options_sf&quot;,return)</favourite>
	<favourite name="Bin@ural Album" thumb="special://home/addons/plugin.audio.binaural/icon.png">ActivateWindow(10501,&quot;plugin://plugin.audio.binaural/?artist&amp;iconimage=http%3A%2F%2Fkinkin-xbmc-repository.googlecode.com%2Fsvn%2Ftrunk%2Fzips%2Fplugin.audio.binaural%2Fart%2Fsearch.png&amp;mode=25&amp;name=[%SF%]&amp;url=url&amp;sf_options=fanart%3Dspecial%3A%2F%2Fhome%2Faddons%2Fplugin.audio.binaural%2Ffanart.jpg&amp;desc%3DSearch+for+Albums+on+Bin@ural+with+query:+[%SF%]%26_options_sf&quot;,return)</favourite>
	<favourite name="Bin@ural Artist" thumb="special://home/addons/plugin.audio.binaural/icon.png">ActivateWindow(10501,&quot;plugin://plugin.audio.binaural/?artist&amp;iconimage=http%3A%2F%2Fkinkin-xbmc-repository.googlecode.com%2Fsvn%2Ftrunk%2Fzips%2Fplugin.audio.binaural%2Fart%2Fsearch.png&amp;mode=27&amp;name=[%SF%]&amp;url=url&amp;sf_options=fanart%3Dspecial%3A%2F%2Fhome%2Faddons%2Fplugin.audio.binaural%2Ffanart.jpg&amp;desc%3DSearch+for+Artists+on+Bin@ural+with+query:+[%SF%]%26_options_sf&quot;,return)</favourite>
	<favourite name="Bin@ural Song" thumb="special://home/addons/plugin.audio.binaural/icon.png">ActivateWindow(10501,&quot;plugin://plugin.audio.binaural/?artist&amp;iconimage=http%3A%2F%2Fkinkin-xbmc-repository.googlecode.com%2Fsvn%2Ftrunk%2Fzips%2Fplugin.audio.binaural%2Fart%2Fsearch.png&amp;mode=26&amp;name=[%SF%]&amp;artist=1&amp;url=url&amp;sf_options=fanart%3Dspecial%3A%2F%2Fhome%2Faddons%2Fplugin.audio.binaural%2Ffanart.jpg&amp;desc%3DSearch+for+Songs+on+Bin@ural+with+query:+[%SF%]%26_options_sf&quot;,return)</favourite>
	<favourite name="JamBMC Artists" thumb="special://home/addons/plugin.audio.jambmc/icon.png">ActivateWindow(10501,&quot;plugin://plugin.audio.jambmc/artists/search/?input=[%SF%]&amp;sf_options=fanart%3Dspecial%3A%2F%2Fhome%2Faddons%2Fplugin.audio.jambmc%2Ffanart.jpg&amp;desc%3DSearch+for+artists+on+Jamendo.com+with+query:+[%SF%]%26_options_sf&quot;,return)</favourite>
	<favourite name="JamBMC Playlists" thumb="special://home/addons/plugin.audio.jambmc/icon.png">ActivateWindow(10501,&quot;plugin://plugin.audio.jambmc/playlists/search/?input=[%SF%]&amp;sf_options=fanart%3Dspecial%3A%2F%2Fhome%2Faddons%2Fplugin.audio.jambmc%2Ffanart.jpg&amp;desc%3DSearch+for+playlists+on+Jamendo.com+with+query:+[%SF%]%26_options_sf&quot;,return)</favourite>
	<favourite name="JamBMC Tracks" thumb="special://home/addons/plugin.audio.jambmc/icon.png">ActivateWindow(10501,&quot;plugin://plugin.audio.jambmc/tracks/search/?input=[%SF%]&amp;sf_options=fanart%3Dspecial%3A%2F%2Fhome%2Faddons%2Fplugin.audio.jambmc%2Ffanart.jpg&amp;desc%3DSearch+for+tracks+on+Jamendo.com+with+query:+[%SF%]%26_options_sf&quot;,return)</favourite>
	<favourite name="Loyal Books" thumb="special://home/addons/plugin.audio.booksshouldbefree/icon.png">ActivateWindow(10501,&quot;plugin://plugin.audio.booksshouldbefree/?image=special%3A%2F%2Fhome%2Faddons%2Fplugin.audio.booksshouldbefree%2Ficon.png&amp;keyword=[%SF%]&amp;mode=600&amp;name=[%SF%]&amp;page=1&amp;url=url&amp;sf_options=fanart%3Dhttps%3A%2F%2Fi.ytimg.com%2Fvi%2Fh0oUNSOcABQ%2Fmaxresdefault.jpg&amp;desc%3DSearch+LoyalBooks.com+with+query:+[%SF%]%26_options_sf&quot;,return)</favourite>
	<favourite name="Metalvideo" thumb="special://home/addons/plugin.video.metalvideo/icon.png">ActivateWindow(10501,&quot;plugin://plugin.video.metalvideo/?action=VideoList&amp;url=http%3A%2F%2Fmetalvideo.com%2Fsearch.php%3fkeywords%3dtest&amp;sf_options=fanart%3Dspecial%3A%2F%2Fhome%2Faddons%2Fplugin.video.metalvideo%2Ffanart.jpg&amp;desc%3DSearch+MetalVideo.com+with+query:+[%SF%]%26_options_sf&quot;,return)</favourite>
	<favourite name="MixCloud Users" thumb="special://home/addons/plugin.audio.mixcloud/icon.png">ActivateWindow(10501,&quot;plugin://plugin.audio.mixcloud/?key=user&amp;mode=30&amp;offset=0&amp;query=[%SF%]&amp;sf_options=fanart%3Dhttp%3A%2F%2Fwww.dj-dns.net%2Fwp-content%2Fuploads%2F2015%2F08%2FMixcloud.jpg&amp;desc%3DSearch+Mixcloud.com+with+query:+[%SF%]%26_options_sf&quot;,return)</favourite>
	<favourite name="MixCloud Casts" thumb="special://home/addons/plugin.audio.mixcloud/icon.png">ActivateWindow(10501,&quot;plugin://plugin.audio.mixcloud/?key=cloudcast&amp;mode=30&amp;offset=0&amp;query=[%SF%]&amp;sf_options=fanart%3Dhttp%3A%2F%2Fwww.dj-dns.net%2Fwp-content%2Fuploads%2F2015%2F08%2FMixcloud.jpg&amp;desc%3DSearch+Mixcloud.com+with+query:+[%SF%]%26_options_sf&quot;,return)</favourite>
	<favourite name="Modland" thumb="special://home/addons/plugin.audio.modland/icon.png">ActivateWindow(10501,&quot;plugin://plugin.audio.modland/?mode=search&amp;search=[%SF%]&amp;sf_options=fanart%3Dhttp%3A%2F%2Fstatic.mnium.org%2Fimages%2Fcontenu%2Factus%2FJeuxVideo%2FAssassins_Creed_4%2FVersion_PC_test%2FAC4_version_PC_graphismes_Generale_2.jpg&amp;desc%3DSearch+ExoticA.org.uk+with+query:+[%SF%]%26_options_sf&quot;,return)</favourite>
	<favourite name="MP3 Albums" thumb="special://home/addons/plugin.audio.mp3streams/icon.png">ActivateWindow(10501,&quot;plugin://plugin.audio.mp3streams/?mode=25&amp;name=[%SF%]&amp;url=url&amp;sf_options=fanart%3Dspecial%3A%2F%2Fhome%2Faddons%2Fplugin.audio.mp3streams%2Ffanart.jpg&amp;desc%3DSearch+for+Albums+on+MP3+Streams+with+query:+[%SF%]%26_options_sf&quot;,return)</favourite>
	<favourite name="MP3 Artists" thumb="special://home/addons/plugin.audio.mp3streams/icon.png">ActivateWindow(10501,&quot;plugin://plugin.audio.mp3streams/?mode=27&amp;name=[%SF%]&amp;url=url&amp;sf_options=fanart%3Dspecial%3A%2F%2Fhome%2Faddons%2Fplugin.audio.mp3streams%2Ffanart.jpg&amp;desc%3DSearch+for+Artists+on+MP3+Streams+with+query:+[%SF%]%26_options_sf&quot;,return)</favourite>
	<favourite name="MP3 Songs" thumb="special://home/addons/plugin.audio.mp3streams/icon.png">ActivateWindow(10501,&quot;plugin://plugin.audio.mp3streams/?mode=26&amp;name=[%SF%]&amp;url=url&amp;sf_options=fanart%3Dspecial%3A%2F%2Fhome%2Faddons%2Fplugin.audio.mp3streams%2Ffanart.jpg&amp;desc%3DSearch+for+Songs+on+MP3+Streams+with+query:+[%SF%]%26_options_sf&quot;,return)</favourite>
	<favourite name="Music Box Tracks" thumb="special://home/addons/plugin.video.icefilms/icon.png">ActivateWindow(10501,&quot;plugin://plugin.audio.musicbox/?fanart&amp;iconimage&amp;mode=26&amp;name=[%SF%]%20Tracks&amp;search_query=[%SF%]&amp;url=1&amp;sf_options=fanart%3Dhttps%3A%2F%2Fwallpaperscraft.com%2Fimage%2Fvk_logo_3d_103718_1920x1080.jpg&amp;desc%3DSearch+for+Tracks+on+Music+Box+with+query:+[%SF%]%26_options_sf&quot;,return)</favourite>
	<favourite name="Music Box Albums" thumb="special://home/addons/plugin.video.icefilms/icon.png">ActivateWindow(10501,&quot;plugin://plugin.audio.musicbox/?fanart&amp;iconimage&amp;mode=27&amp;name=[%SF%]%20Albums&amp;search_query=[%SF%]&amp;url=1&amp;sf_options=fanart%3Dhttps%3A%2F%2Fwallpaperscraft.com%2Fimage%2Fvk_logo_3d_103718_1920x1080.jpg&amp;desc%3DSearch+for+Albums+on+Music+Box+with+query:+[%SF%]%26_options_sf&quot;,return)</favourite>
	<favourite name="Music Box Popular Tracks" thumb="special://home/addons/plugin.video.icefilms/icon.png">ActivateWindow(10501,&quot;plugin://plugin.audio.musicbox/?fanart&amp;iconimage&amp;mode=29&amp;name=[%SF%]%20Popular%20Tracks&amp;search_query=[%SF%]&amp;url=1&amp;sf_options=fanart%3Dhttps%3A%2F%2Fwallpaperscraft.com%2Fimage%2Fvk_logo_3d_103718_1920x1080.jpg&amp;desc%3DSearch+for+Popular+Tracks+on+Music+Box+with+query:+[%SF%]%26_options_sf&quot;,return)</favourite>
	<favourite name="Music Box Setlists" thumb="special://home/addons/plugin.video.icefilms/icon.png">ActivateWindow(10501,&quot;plugin://plugin.audio.musicbox/?fanart&amp;iconimage&amp;mode=30&amp;name=[%SF%]%20Setlists&amp;search_query=[%SF%]&amp;url=1&amp;sf_options=fanart%3Dhttps%3A%2F%2Fwallpaperscraft.com%2Fimage%2Fvk_logo_3d_103718_1920x1080.jpg&amp;desc%3DSearch+for+Setlists+on+Music+Box+with+query:+[%SF%]%26_options_sf&quot;,return)</favourite>
	<favourite name="Music Box Playlists" thumb="special://home/addons/plugin.video.icefilms/icon.png">ActivateWindow(10501,&quot;plugin://plugin.audio.musicbox/?fanart&amp;iconimage&amp;mode=32&amp;name=[%SF%]%20Playlists&amp;search_query=[%SF%]&amp;url=1&amp;sf_options=fanart%3Dhttps%3A%2F%2Fwallpaperscraft.com%2Fimage%2Fvk_logo_3d_103718_1920x1080.jpg&amp;desc%3DSearch+for+Playlists+on+Music+Box+with+query:+[%SF%]%26_options_sf&quot;,return)</favourite>
	<favourite name="Radio" thumb="special://home/addons/plugin.audio.radio_de/icon.png">ActivateWindow(10501,&quot;plugin://plugin.audio.radio_de/stations/search/[%SF%]/&amp;sf_options=fanart%3Dhttp%3A%2F%2Fwww.swedishhitradio.com%2Fattachments%2FImage%2Fradio_de_logo.jpg&amp;desc%3DSearch+Radio.de+with+query:+[%SF%]%26_options_sf&quot;,return)</favourite>
	<favourite name="SHOUTcast2 Stations" thumb="special://home/addons/plugin.audio.shoutcast/icon.png">ActivateWindow(10501,&quot;plugin://plugin.audio.shoutcast/search/station/[%SF%]/&amp;sf_options=fanart%3Dhttp%3A%2F%2Fimg.zanda.com%2Fitem%2F91071210000016%2F1024x768%2FSHOUTcast.jpg&amp;desc%3DSearch+SHOUTcast.com+with+query:+[%SF%]%26_options_sf&quot;,return)</favourite>
	<favourite name="SoundCloud" thumb="special://home/addons/plugin.audio.soundcloud/icon.png">ActivateWindow(10501,&quot;plugin://plugin.audio.soundcloud/search/query/?q=[%SF%]&amp;sf_options=fanart%3Dspecial%3A%2F%2Fhome%2Faddons%2Fplugin.audio.soundcloud%2Ffanart.jpg&amp;desc%3DSearch+SoundCloud.com+with+query:+[%SF%]%26_options_sf&quot;,return)</favourite>
	<favourite name="500px" thumb="special://home/addons/plugin.image.500px/icon.png">ActivateWindow(10002,&quot;plugin://plugin.image.500px/?mode=search&amp;page=1&amp;term=[%SF%]&amp;sf_options=fanart%3Dspecial%3A%2F%2Fhome%2Faddons%2Fplugin.video.4players%2Ffanart.jpg&amp;desc%3DSearch+500px.com+with+query:+[%SF%]%26_options_sf&quot;,return)</favourite>
	<favourite name="flickr" thumb="special://home/addons/plugin.image.flickr/icon.png">ActivateWindow(10002,&quot;plugin://plugin.image.flickr/?mode=10&amp;name=[%SF%]&amp;page=1&amp;url=[%SF%]&amp;sf_options=fanart%3Dspecial%3A%2F%2Fhome%2Faddons%2Fplugin.video.4players%2Ffanart.jpg&amp;desc%3DSearch+flickr.com+with+query:+[%SF%]%26_options_sf&quot;,return)</favourite>
	<favourite name="flickr Groups" thumb="special://home/addons/plugin.image.flickr/icon.png">ActivateWindow(10002,&quot;plugin://plugin.image.flickr/?mode=13&amp;name=[%SF%]&amp;page=2&amp;url=[%SF%]&amp;sf_options=fanart%3Dspecial%3A%2F%2Fhome%2Faddons%2Fplugin.video.4players%2Ffanart.jpg&amp;desc%3DSearch+Groups+on+flickr.com+with+query:+[%SF%]%26_options_sf&quot;,return)</favourite>
	<favourite name="Google Images" thumb="special://home/addons/plugin.image.google/icon.png">	ActivateWindow(10002,&quot;plugin://plugin.image.google/?mode=103&amp;name=Search%20icon&amp;page=1&amp;url=q%3d[%SF+%]&amp;sf_options=fanart%3Dspecial%3A%2F%2Fhome%2Faddons%2Fplugin.image.google%2Ffanart.jpg&amp;desc%3DSearch+Google+Images+with+query:+[%SF%]%26_options_sf&quot;,return)</favourite>
	<favourite name="Google Images (Wallpaper)" thumb="special://home/addons/plugin.image.google/icon.png">	ActivateWindow(10002,&quot;plugin://plugin.image.google/?mode=103&amp;page=1&amp;name=Search%20icon&amp;url=q%3d[%SF+%]%2bWallpaper&amp;sf_options=fanart%3Dspecial%3A%2F%2Fhome%2Faddons%2Fplugin.image.google%2Ffanart.jpg&amp;desc%3DSearch+for+Wallpaper+on+Google+Images+with+query:+[%SF%]+Wallpaper%26_options_sf&quot;,return)</favourite>
	<favourite name="PicasaWeb" thumb="special://home/addons/plugin.image.picasa/icon.png">ActivateWindow(10002,&quot;plugin://plugin.image.picasa/search/test?start=1&amp;sf_options=fanart%3Dspecial%3A%2F%2Fhome%2Faddons%2Fplugin.image.picasa%2Ffanart.jpg&amp;desc%3DSearch+PicasaWeb+with+query:+[%SF%]%26_options_sf&quot;,return)</favourite>
	<favourite name="Global Search" thumb="special://home/addons/script.globalsearch/icon.png">RunScript(&quot;script.globalsearch&quot;,searchstring:[%SF%])?sf_options=fanart%3Dspecial%3A%2F%2Fhome%2Faddons%2Fscript.globalsearch%2Ffanart.jpg&amp;desc%3DSearch+Kodi+with+query:+[%SF%]%26_options_sf&quot;)</favourite>
</favourites>