<?xml version="1.0" encoding="UTF-8" standalone="yes"?>
<addon id="repository.q"
		name="[COLOR FF8ABEE2]Q[/COLOR]'s Repository"
		version="0.0.2.0"
		provider-name="[COLOR FF8ABEE2]Open[/COLOR][COLOR FF757677]ELEQ[/COLOR]">
	<extension point="xbmc.addon.repository"
		name="[COLOR FF8ABEE2]Q[/COLOR]'s Add-on Repository">
		<dir>
			<info compressed="false">https://github.com/OpenELEQ/repository.q/raw/master/openeleq-addons.xml</info>
			<checksum>https://github.com/OpenELEQ/repository.q/raw/master/openeleq-addons.xml.md5</checksum>
			<datadir zip="true">https://raw.github.com/OpenELEQ/repository.q/master/zips/</datadir>
		</dir>
	</extension>
	<extension point="xbmc.addon.metadata">
		<summary lang="en">[COLOR FF8ABEE2]Q[/COLOR]'s Add-on Repository</summary>
		<summary lang="nl">[COLOR FF8ABEE2]Q[/COLOR]'s Addon Depot</summary>
		<description lang="en">This is my repository. I can and will do whatever I want with it. Some stuff in here can and will overwrite allready installed addons. If you do not want that, do not install this repo!</description>
		<description lang="nl">Dit is mijn depot. Ik kan hiermee doen en laten wat ik wil. Sommige dingen in dit depot kunnen en zullen reeds geinstalleerde addons overschrijven. Als je dat niet wil, installeer dit depot dan niet!</description>
		<disclaimer lang="en">[COLOR FF8ABEE2]Open[/COLOR][COLOR FF757677]ELEQ[/COLOR] did not make all the add-ons in this repository and is in no way responsible for their content.</disclaimer>
		<disclaimer lang="nl">[COLOR FF8ABEE2]Open[/COLOR][COLOR FF757677]ELEQ[/COLOR] heeft niet alle add-ons in dit depot gemaakt en is ook op geen enkele manier verantwoordelijk voor hun inhoud.</disclaimer>
		<platform>all</platform>
	</extension>
</addon>