﻿<?xml version="1.0" encoding="UTF-8" standalone="yes"?>
<addon id="plugin.video.metalliq" name="[COLOR ff0084ff]M[/COLOR]etalli[COLOR ff0084ff]Q[/COLOR]" version="1.0.7" provider-name="[COLOR ff0084ff]Q[/COLOR], Midraal, forked from Team Metate's Meta-video">
  <requires>
    <import addon="xbmc.python" version="2.19.0"/>
    <import addon="repository.q" version="0.0.1"/>
    <import addon="script.module.requests"/>
    <import addon="script.module.futures" version="2.2.0"/>
  </requires>
  <extension point="xbmc.python.pluginsource" library="addon.py">
    <provides>video</provides>
  </extension>
  <extension point="xbmc.service" library="service.py" start="[login|startup]">
  </extension>
  <extension point="kodi.context.item" library="context_playable.py">
    <provides>executable</provides>	
      <item>
        <label>$ADDON[plugin.video.metalliq 30602]</label>
        <visible>!System.HasAddon(context.metalliq) + [StringCompare(ListItem.dbtype,movie) | StringCompare(ListItem.dbtype,episode)] + SubString(ListItem.FileNameAndPath, plugin.video.metalliq)</visible>
      </item>
  </extension>
  <extension point="kodi.context.item" library="context_tvshow.py">
    <provides>executable</provides>	
      <item>
        <label>$ADDON[plugin.video.metalliq 30622]</label>
        <visible>StringCompare(ListItem.dbtype,tvshow) + SubString(ListItem.Path, plugin.video.metalliq)</visible>
      </item>
  </extension>
  <extension point="xbmc.addon.metadata">
    <platform>all</platform>
    <language></language>
    <summary lang="en">TMDb, TVDb, AudioDb and LastFM browser</summary>
    <description lang="en">Browse The MovieDb, The TVDb, The AudioDb and LastFM and pass info along to library or an addon to try and play it. Needs player-files and the appropriate addon to actually play.</description>
    <summary lang="nl">Blader door TMDb, TVDb, AudioDb en LastFM</summary>
    <description lang="nl">Blader door The MovieDb, The TVDb, The AudioDb en LastFM en geef info door aan de bibliotheek of een addon om te proberem het af te spelen. Vereist player-bestanden en de bijbehorende addon om daadwerkelijk af te kunnen spelen.</description>
    <supportedcontent>
      <content>movies</content>
      <content>tvshows</content>
      <content>episodes</content>
      <content>musicvideos</content>
      <content>music</content>
      <content>livetv</content>
    </supportedcontent>
  <forum>http://www.noobsandnerds.com/support/showthread.php?tid=16682</forum>
  </extension>
</addon>
