<?xml version="1.0" encoding="UTF-8" standalone="yes"?>
<addon id="plugin.program.openeleq.tools" name="[COLOR FF8ABEE2]Open[/COLOR][COLOR FF757677]ELEQ[/COLOR] Tools" version="1.0.7" provider-name="[COLOR FF8ABEE2]Open[/COLOR][COLOR FF757677]ELEQ[/COLOR]">
  <requires>
      <import addon="xbmc.python" version="2.14.0"/>
      <import addon="script.module.beautifulsoup" version="3.0.8"/>
  </requires>
  <extension point="xbmc.python.pluginsource" library="default.py">
      <provides>video audio executable</provides>
  </extension>
  <!--<extension point="xbmc.service" library="service.py" start="login" />-->
  <extension point="xbmc.addon.metadata">
      <summary lang="en">[COLOR FF8ABEE2]Open[/COLOR][COLOR FF757677]ELEQ[/COLOR]'s Tools</summary>
      <summary lang="nl">[COLOR FF8ABEE2]Open[/COLOR][COLOR FF757677]ELEQ[/COLOR]'s Tools</summary>
      <description lang="en">A collection of tools to use on Kodi.</description>
      <description lang="nl">Een verzameling gereedschappen voor gebruik op Kodi.</description>
      <platform>all</platform>
      <language>nl en</language>
      <license>GPLv3</license>
      <forum></forum>
      <email>OpenELEQ@gmail.com</email>
      <disclaimer lang="en">Copyright 2015 OpenELEQ. This program is free software: you can redistribute it and/or modify it under the terms of the GNU General Public License as published by the Free Software Foundation, either version 3 of the License, or (at your option) any later version. This program is distributed in the hope that it will be useful, but WITHOUT ANY WARRANTY; without even the implied warranty of MERCHANTABILITY or FITNESS FOR A PARTICULAR PURPOSE.  See the GNU General Public License for more details.</disclaimer>
  </extension>
</addon>
